id,left_id,left_nama,left_alamat,right_id,right_nama,right_alamat,jaccard,label
507,1264,teman ngupi store,jemur wonosari gg modin 10d jemur wonosari wonocolo 60237,2335,passionne yarn store cafe,graha natura soho 2 ds 01 raya sambikerep lontar sambikerep city 60216,0.083333333,0
449,549,hos surabaya,manyar sabrangan gg 1 a 60116,2305,warung mbah cokro surabaya,raya prapen 6 panjang jiwo tenggilis mejoyo 60299,0.1,0
88,1418,mixue ice cream tea darmo permai,raya darmo permai 1 57a pradahkalikendal dukuhpakis 60226,3272,mixue damai darmo permai,raya darmo permai 1 57a pradahkalikendal dukuhpakis 60226,0.714285714,1
299,95,ahsanul bakery,buntaran rt rw manukan wetan tandes,2041,coffee places,kebalen kulon 2 11 rt 002 rw 06 krembangan utara pabean cantikan 60163,0.058823529,0
198,1234,violetta,kapasari 5 26 kapasari genteng,2210,warkop seduluran,sulawesi 26 rt 005 rw 04 ngagel wonokromo 60246,0.041666667,0
271,1122,semu,taman puspa raya b 5 10 citraland sambikerep sambikerep 60217,2208,thirty3brew jemursari,raya jemursari 167 kendangsari tenggilis mejoyo 60239,0.033333333,0
377,819,mamarey,keputih makam city home e3 18 keputih sukolilo,2004,otewekopi,taman apsari st 25 embong kaliasin genteng city 60271,0.033333333,0
120,1351,solaria grand city surabaya,grand city mall kusuma bangsa ketabang genteng 60272,3175,solaria,grand city mall kusuma bangsa ketabang genteng 60272,0.625,1
416,1063,rizky kitchen,bratang gede 4 9 rt rw ngagel rejo wonokromo,3296,mixue ice cream tea petemon,petemon bar 127 rt 001 rw 02 kupang krajan sawahan 60253,0.055555556,0
518,1317,ikan mas putra kencana tetes murni,gunungsari indah aa 10 kedurus karangpilang 60223,1624,djaman doeloe resto bar,pakuwon mall puncak indah raya lontar 2 babatan wiyung 60216,0.03125,0
7,1386,mixue ice cream tea karang menjangan,karang menjangan 117c mojo gubeng 60286,3320,mixue ice cream tea karang menjangan,karang menjangan 117c mojo gubeng 60286,1.0,1
541,1222,tahu nigarin,medokan ayu ma 3 h 18 medokan ayu rungkut 60295,2635,warung barokah,ketintang baru sel 1 3 ketintang 60235,0.038461538,0
14,1248,kopi kenangan ciputra world surabaya,ciputra world lg mayjen sungkono 89 gn sari dukuhpakis 60224,3069,kopi kenangan ciputra world surabaya,ciputra world lg mayjen sungkono 89 gn sari dukuhpakis 60224,1.0,1
44,1359,burger king basuki rahmat surabaya,pert darmo park 1 bl 4 b 3 60256 embong kaliasin genteng 60271,3096,burger king basuki rahmat,pert darmo park 1 bl 4 b 3 60256 embong kaliasin genteng 60271,0.9,1
32,1362,cfc grand city mall surabaya,grand city ketabang genteng 60272,2890,cfc grand city mall surabaya,grand city ketabang genteng 60272,1.0,1
597,1412,mixue ice cream tea darmo indah,darmo indah timur eu 7 tandes 60187,2249,upper room cafe resto,nginden intan selatan c7 raya nginden jangkungan 7 ngenden jangkungan sukolilo city 60118,0.029411765,0
216,1383,mixue ice cream tea karimun jawa,karimun jawa 5b gubeng gubeng 60281,1976,katering dapur brilliant,simo gn bar tol 2a 152 simomulyo sukomanunggal 60281,0.038461538,0
199,574,kripik pisang,krukah selatan 8a 5 ngagel rejo wonokromo,2347,e scape surabaya,ngagel 123 ngagel wonokromo 60246,0.111111111,0
303,536,gula gula,hamzah fansyuri 45 rt rw darmo wonokromo,3290,mixue kranggan,kranggan 27 rt 006 rw 09 sawahan sawahan 60251,0.076923077,0
326,620,jemblem pak dayat,sidotopo ewtan baru 49 rt rw sidotopo wetan kenjeran,1669,tetsujin gyukatsu wagyu bowl,apartement taman beverly ruko mayjen hr muhammad 49 55 sonokwijenan sukomanunggal city 60226,0.025,0
519,1418,mixue ice cream tea darmo permai,raya darmo permai 1 57a pradahkalikendal dukuhpakis 60226,3231,kuweh surabaya,raya menur 38 airlangga gubeng 60286,0.038461538,0
498,338,dapur ana,gubeng airlangga 4 2 c airlangga gubeng 60282,1655,3m makassar,darmo permai timur 2 40 sonokwijenan sukomanunggal 60189,0.038461538,0
224,1406,mixue ice cream tea kenjeran,raya kenjeran 424 gading tambaksari nan,3017,chatime transmart rungkut,mqhc j4m transmart rungkut raya kalirungkut kali rungkut rungkut 60293,0.038461538,0
451,915,kedai sm,simo rukun timur 9 21 rt rw simomulyo sukomanunggal,1779,althinz catering service,kedung klinter 7 24 rt 006 rw 03 kedungdoro tegalsari 60261,0.055555556,0
440,306,cincinati kitchen,ketandan lama 2 27 rt 01 rw 04 genteng genteng,2365,kafe 27 plaza surabaya,belakang ace hardware plaza pemuda 33 embong kaliasin genteng 60136,0.027777778,0
111,425,d toekoe,semampir selatan 1 b 19 a medokan semampir sukolilo 60119,3221,d toekoe,semampir sel ib 19a medokan semampir sukolilo 60119,0.666666667,1
179,1180,spaghetti aura,taman mulyosari utara 7 rt rw kalisari mulyorejo,3035,kopi kenangan spbu kenpark kenjeran,pqxr 9hmdukuh sutorejokec mulyorejo city 60134,0.038461538,0
163,69,bunaim jaya abadi,jambangan 32 jambangan jambangan 60232,1934,dandang nampol,gayungsari barat 4 b 3 pagesangan jambangan 60235,0.05,0
447,379,ketring,rungkut menanggal harapan o 24 rungkut menanggal gunung anyar 60293,2452,warung nasi,ppg6 g58 raya simo gunung putat jaya sawahan 60281,0.03125,0
159,199,bandeng presto bu tri,petemon 3 110 b rt rw petemon sawahan,3309,mixue ice cream tea sukomanunggal,sukomanunggal b 254 tanjungsari sukomanunggal 60187,0.045454545,0
189,420,dede satoe,tenggilis timur 6 dd1 tenggilis mejoyo tenggilis mejoyo 60292,1533,mie ayam bu tinuk,kencanasari timur 15 gn sari wonokromo 60224,0.041666667,0
393,1364,wingstop surabaya town square,town square hayam wuruk 6 sawunggaling wonokromo 60242,2023,the localist coffee and bistro surabaya,arief rahman hakim 40 klampis ngasem sukolilo 60117,0.055555556,0
63,291,carpentier kitchen,untung suropati 83 dr soetomo tegalsari,1634,carpentier kitchen,untung suropati 83 tegalsari 60264,0.785714286,1
291,1060,rien kitchen,bandarejo gg 2 07 rt rw sememi benowo,2430,warung bu siswo,pucang jajar tengah 65 rt 003 rw 01 kertajaya gubeng 60282,0.058823529,0
253,287,cap bali putra bali,nambangan 32 tanah kali kedinding kenjeran 60129,2046,sambang cafe eatery,ketabang kali 53 ketabang genteng 60272,0.045454545,0
262,1099,sambel pecel mama al,dukuh menanggal gg 8 8 rt rw dukuh menanggal gayungan,2047,takopi,perak bar 69 rt 002 rw 12 perak bar krembangan 60177,0.071428571,0
149,435,elmara,gayungan ib 7 gayungan gayungan 60235,3245,elmara catering ibu lusi,gayungan 1b 7 gayungan gayungan 60235,0.425,1
274,39,nyambee corner surabaya,medayu utara 13 33 a rt rw medokan ayu rungkut,3030,chatime,plaza level 1 pemuda 33 37 embong kaliasin genteng 60271,0.026315789,0
289,894,mom ima,bubutan rt rw alun alun contong bubutan,2075,teh cap poci pusat grosir surabaya,pusat grosir lantai 4 foodcourt dupak raya gundih bubutan 60172,0.035714286,0
43,1343,ayam nelongso wijaya kusuma,dukuh kupang 20 10a dukuh kupang dukuhpakis 60225,3190,ayam goreng nelongso wijaya kusuma,dukuh kupang 20 10a dukuh kupang dukuhpakis 60225,0.9,1
618,582,imma kitchen,putat jaya c timur 5 28 rt rw putat jaya sawahan,1450,rujak cingur dan sop buntut genteng durasim,genteng durasim 29 rt 001 rw 05 genteng genteng 60275,0.066666667,0
586,9,bilgharo kitchen salad,gembili 2 23 jagir wonokromo,1614,ria indonesian bistro,adityawarman 55 sawunggaling wonokromo 60242,0.055555556,0
182,279,sambel maknyos,simopomahan 1 40 rt rw simomulyo baru sukomanunggal,1820,katerinda catering service,raya kendangsari 1 kendangsari tenggilis mejoyo 60292,0.038461538,0
155,625,jerindo,manyar kertoarjo 5 18 20 mojo gubeng 60285,1746,the goods diner surabaya,bali 19 gubeng gubeng 60281,0.045454545,0
355,608,janenak,klampis ngasem 95 rt rw klampis ngasem sukolilo,3105,a w restoran semolowaru,nginden semolo 98 rt 004 rw 02 nginden jangkungan sukolilo 60118,0.115384615,0
426,325,aisya catering wedding,kebonsari 3 28 kebonsari jambangan 60233,1911,cv ratna boga catering service,besuki 4 perak tim pabean cantikan 60164,0.071428571,0
327,1092,sambal resep kuno,gunungsari 2 214 a sawunggaling wonokromo,2715,warung makan penyetan,putat gede bar 2 4 putat gede sukomanunggal 60226,0.041666667,0
528,218,blue cookies,menur 3 komplek 1 mojo gubeng,2069,spesial pecel trenggalek,5 margorukun 1 24 gundih pusat 60172,0.041666667,0
5,1383,mixue ice cream tea karimun jawa,karimun jawa 5b gubeng gubeng 60281,3323,mixue ice cream tea karimun jawa,karimun jawa 5b gubeng gubeng 60281,1.0,1
335,732,box kopi,ngagel jaya utara 20 pucang sewu gubeng,2590,warung makan barokah,kendangsari gg 7 20 kendangsari tenggilis mejoyo 60292,0.038461538,0
84,1013,pempek ny kamto,royal plaza ahmad yani 16 18 wonokromo 60231,3249,pempek ny kamto royal plaza,royal plaza ahmad yani 16 18 wonokromo city 60231,0.744444444,1
51,1416,mixue ice cream tea wiyung,raya wiyung babatan wiyung 60227,3285,mixue ice cream tea wiyung,mmqj qvq raya wiyung babatan wiyung 60227,0.833333333,1
323,178,cv belida,semalang indah 8 11 klampis ngasem sukolilo 60117,1579,kampung melayu surabaya,raya kupang indah 17 dukuh kupang dukuhpakis 60225,0.035714286,0
389,580,mbois,peneleh 11 45 rt rw peneleh genteng,1495,sansekerta the authentic taste of indonesia,walikota mustajab 67 ketabang genteng 60272,0.045454545,0
68,1371,roti o kazacity surabaya,kaza city kapas krampung tambakrejo simokerto 60133,2950,roti o,kaza city kapas krampung tambakrejo simokerto 60133,0.75,1
336,1282,triple s,ketintang barat indah 12 b ketintang gayungan 60235,2971,starbucks,graha pena fontage road ahmad yani 88 ketintang gayungan 60234,0.066666667,0
619,1210,surabaya patata lapis malang,raya dharmahusada 187 rt 001 rw 004 mojo gubeng 60285,2194,lota clubhouse surabaya,kalimantan 20 gubeng gubeng 60281,0.121794872,0
55,403,dimsum mbledos,dr ir h soekarno 53 kalijudan mulyorejo 60114,3269,dimsum mbledos merr,dr ir h soekarno 53 kalijudan mulyorejo 60114,0.833333333,1
396,990,paleko cake n cookies,manukan lor 4 e 32 banjar sugihan tandes,1918,r n catering,lakarsantri gg 1 a 35 lakarsantri lakarsantri 60211,0.083333333,0
613,372,dapur vaw,dupak baru 25 rt 09 rw 05 rt rw jepara bubutan,1570,ama taiwan cuisine,raya graha famili barat 25 pradahkalikendal dukuhpakis 60226,0.03125,0
594,98,soerya 99,gubeng kertajaya 15 bt n0 24 nan,2607,warung nasi kuning,mojo klanggru 155 d mojo gubeng 60285,0.041666667,0
42,1361,burger king wiyung,citraland vittorio wiyung babatan wiyung 60227,3094,burger king wiyung,citraland vittorio wiyung babatan wiyung city 60227,0.916666667,1
108,318,cookies kingdom,raya wiguna tengah 40,3205,cookies kingdom,ry wiguna tengah 40 gn anyar tambak gn anyar 60294,0.666666667,1
180,266,cak gembul,kembang kuning kulon 2 17 pakis sawahan 60254,1855,bella della kitchen,pacar kembang 5c1 pacar kembang tambaksari 60132,0.041666667,0
69,767,kuweh surabaya,menur 38 60286,3231,kuweh surabaya,raya menur 38 airlangga gubeng 60286,0.75,1
228,985,ozzybakery,petemon sidomulyo 1 28 a petemon sawahan,2858,kh mas mansyur,k h mas mansyur 1 49 nyamplungan pabean cantikan 60162,0.033333333,0
316,1144,queens,kalikepiting 49 32 pacarkembang tambaksari,2749,tahu campur h abd mahfud asli kalasan,pqr4 gw8 kalasan pacar keling tambaksari 60131,0.045454545,0
176,1102,sambeliki,dukuh setro 1 tengah 24 gading tambaksari,1586,kava restaurant hotel fairfield by marriott surabaya,mayjen sungkono 178 dukuh pakis dukuhpakis 60225,0.038461538,0
545,84,abiiby fppd and drink,kedinding lor gang sedap malam 19 tanah kali kedinding kenjeran,2433,warung barokah,genteng kali alun alun contong bubutan 60173,0.035714286,0
485,244,bu risma,sambikerep indah utara 6 f5 2 sambikerep sambikerep,2312,cafe in,kuwukan 4 18 lontar sambikerep 60216,0.045454545,0
387,430,egg roll nur,dukuh karangan 4 1 rt 02 rw 03 babatan wiyung 60227,2227,kampoeng coffee,ronggolawe 4 a rt 002 rw 20 dr soetomo tegalsari 60264,0.078947368,0
506,1091,sambal pecel s s,kemlaten 9 62 rt 2 rw 6 kebraon karangpilang,2679,pecel pincuk godong jati,pasar dukuh kupang bar 1 dukuh kupang dukuhpakis city 60225,0.083333333,0
560,1096,mor kopi surabaya,ploso rt rw ploso tambaksari,3062,kopi kenangan dharmahusada,dharmahusada 72 58 mojo gubeng 60285,0.1,0
275,1381,mixue ice cream tea plaza surabaya,lt 4 plaza pemuda embong kaliasin genteng 60271,1646,peco peco sushi loop graha famili,plaza graha famili plaza graha famili loop mayjend jonosewojo pradahkalikendal dukuhpakis 60227,0.03125,0
24,1367,richeese factory manyar,manyar kertoarjo 59 mojo gubeng 60285,2992,richeese factory manyar,manyar kertoarjo 59 mojo gubeng 60285,1.0,1
491,1165,si taraa,raya semolo bahari 21 medokan semampir sukolilo,1548,sureblend cafe resto,raya dukuh kupang barat 105a dukuh kupang dukuhpakis 60225,0.038461538,0
245,1024,minican,semolowaru utara gg 4a 24 semolowaru sukolilo,2319,andromeda cafe,kupang gn tim 1 24 putat jaya sawahan 60255,0.035714286,0
337,622,jempoly,gading karya 3 2 gading tambaksari 60134,1881,devan catering wedding service,bratang gede 3 18a ngagelrejo wonokromo 60245,0.041666667,0
145,653,katering kksp rsud dr soetomo,mayjend prof dr moestopo 6 8 airlangga gubeng 60286,3236,katering kksp,pqj5 pf7 mayjen prof dr moestopo airlangga gubeng 60286,0.45,1
280,1103,mugi berkah,gubeng kertajaya 9 d 54 rt rw airlangga gubeng,1839,mawar catering dekorasi,kapas madhya indah 9 gading tambaksari 60134,0.035714286,0
384,1254,outlet es teler 77 bg juntion surabaya,bg junction lt gf a 30 32 blauran raya pintu selatan bubutan 60275,2072,the gade coffee gold surabaya,dinoyo 81 keputran tegalsari pusat 60265,0.045454545,0
350,371,dapur shafira,kebon agung 06 karah rt rw karah jambangan,2059,zaman dulu cafe,perak bar 71 rt 002 rw 12 perak bar krembangan 60177,0.071428571,0
421,885,jamu mak e,sidodadi kulon gang 1 52 sidodadi simokerto,3066,kopi kenangan bp kertajaya indah,bp kertajaya indah timur 1 raya kertajaya indah manyar sabrangan mulyorejo 60117,0.033333333,0
390,303,ci bliwul,kalimas baru 2 rt 3 rw 9 31 perak utara pabean cantian,2668,warung nasi kopi,60226 simpang darmo permai utara 7 tubanan tandes 60188,0.025,0
171,485,alvina food rengginang,wonokusumo bhakti 1 23 wonokusumo semampir,3059,kopi kenangan city of tomorrow,city of tomorrow lantai 1 food court ahmad yani 288 menanggal gayungan 60234,0.029411765,0
204,1280,tradisi ndeso,petemon 1 8 rt rw petemon sawahan,2672,warung nasi jagung mbok ana,kupang gn tim 1 39a rt 006 rw 06 putat jaya sawahan 60255,0.133333333,0
2,1409,mixue ice cream tea petemon,petemon bar 127 rt 001 rw 02 kupang krajan sawahan 60253,3296,mixue ice cream tea petemon,petemon bar 127 rt 001 rw 02 kupang krajan sawahan 60253,1.0,1
459,144,campina,rungkut industri 2 15 17 tengilis mejoyo tenggilis mejoyo 60292,1592,369 shanghai dumpling noodle,ruko surya inti permata 2 b1 mayjen hr muhammad pradahkalikendal dukuhpakis city 60226,0.023809524,0
341,382,deliciopasta,manyar indah 12 ac 1 menur pumpungan sukolilo 60118,1571,holycow steakhouse by chef afit,town square ground hayam wuruk baru 1 6 sawunggaling wonokromo 60242,0.026315789,0
407,984,otila,ketintang permai ac 1 karah jambangan,2015,cafe coffee,simorejo 1 bar 22 simomulyo sukomanunggal 60181,0.041666667,0
192,1071,roti manis bread toez,pakis tirtosari 18 2 pakis sawahan,1955,nina catering,kupang krajan 8 banyu urip 18 a kupang krajan sawahan 60253,0.083333333,0
467,408,christine spiku christine spiku anugerah victory,potro agung 2 1i rangkah tambaksari 60135,3111,a w pakuwon trade center,pakuwon trade center mayjend jonosewojo 2 babatan wiyung city 60227,0.03125,0
105,633,js pizza,genteng sidomulyo 11 rt 3 rw 6 genteng genteng,3199,js pizza,genteng sidomulyo 11 genteng genteng 60275,0.6875,1
500,1252,starbucks coffee gubeng,raya gubeng 33 rt 002 rw 06 gubeng gubeng 60281,2264,kroesel house of coffee,krukah selatan ngagel jaya selatan 52 ngagelrejo wonokromo 60245,0.083333333,0
255,228,bolugiyo,tengger kandangan timur 1 a 20 rt 005 rw 003 kandangan benowo 60198,3316,mixue ice cream tea semolowaru,nginden semolo 20 nginden jangkungan sukolilo 60118,0.029411765,0
292,176,mbok tini,bua setro 1 25 rt rw bulak bulak,3113,a w,tunjungan plaza 1 jenderal basuki rachmat 8 12 kedungdoro tegalsari 60261,0.029411765,0
260,1011,mbok tini,bua setro 1 25 rt rw bulak bulak,1695,jirou family resto,raya darmo permai 1 2a pradahkalikendal dukuhpakis 60226,0.035714286,0
124,1382,mixue ice cream tea gwalk,ruko taman gapura komp d 16 lakarsantri niaga gapura lontar sambikerep 60271,3324,mixue gwalk,ruko taman gapura komp d 16 lakarsantri niaga gapura lontar sambikerep 60217,0.616666667,1
383,658,kebab aden,karangrejo 15 12 rt rw wonokromo wonokromo,1589,rawon pak pangat,lotus regency ketintang baru sel 1 15 ketintang gayungan 60235,0.035714286,0
357,465,sukses mandiri grup,sukodami 3 5 manyar sabrangan mulyorejo 60116,1861,althinz catering,kup panjaan 3 83 dr soetomo tegalsari 60261,0.035714286,0
281,176,mbok tini,bua setro 1 25 rt rw bulak bulak,2397,warung berkah,donorejo 1 kapasan simokerto 60141,0.045454545,0
577,1204,susu kurma kinkenz,bratang gede 6 f 53 ngagel rejo wonokromo,2251,tellu kopi,ngagel jaya tengah 65a baratajaya gubeng 60283,0.035714286,0
411,1412,mixue ice cream tea darmo indah,darmo indah timur eu 7 tandes 60187,3136,pizza hut restoran,raya kupang indah 47 49 sonokwijenan sukomanunggal 60225,0.035714286,0
369,565,keripik tahu nadawan,wonocolo 3 1 rt rw jemur wonosari wonocolo,2587,warung kopi barokah,bratang binangun 1 24 rt 002 rw 08 baratajaya gubeng 60284,0.1,0
611,222,boekna,ketintang permai ac 1 karah jambangan,2999,chatime riders,unit lt1 ahmad yani 88 ketintang gayungan 60231,0.038461538,0
165,309,cireng planet,gubeng jaya sr 12 rt rw gubeng gubeng,1736,idaman chinese and indonesian restaurant,manyar kertoarjo 5 65 rt 007 rw 11 mojo gubeng 60285,0.107142857,0
71,1388,mixue ice cream tea ptc surabaya,puncak indah raya lontar 2 babatan wiyung 60216,3318,mixue ptc surabaya,puncak indah raya lontar 2 babatan wiyung 60216,0.75,1
139,595,jae yen,kutai 68 darmo wonokromo 60241,3238,jae yen noodle pastry,kutai 68 rt 010 rw 06 darmo wonokromo 60241,0.527777778,1
542,1362,cfc grand city mall surabaya,grand city ketabang genteng 60272,2411,gado gado arjuna pusat grosir surabaya,pusat grosir lantai 4 foodcourt dupak raya jepara bubutan 60172,0.055555556,0
36,544,hevn cake,simpang darmo permai utara 30 lontar sambikerep,3201,hevn cake,simpang darmo permai utara 30 lontar sambikerep 60226,0.9375,1
398,980,orlando pizza surabaya,bulak rukem timur 2f 31 bulak bulak 60124,1532,rara now basecamp surabaya selatan,golf 1 33 gn sari dukuhpakis 60224,0.071428571,0
35,732,box kopi,ngagel jaya utara 20 pucang sewu gubeng,3232,box kopi,ngagel jaya utara 20 pucang sewu gubeng 60283,0.9375,1
76,1293,ummaria,kebonsari 2 12 kebonsari jambangan 60233,3260,kebab ummaria,kebonsari 2 12 kebonsari jambangan 60233,0.75,1
505,1063,rizky kitchen,bratang gede 4 9 rt rw ngagel rejo wonokromo,3058,kopi kenangan spbu pertamina ngagel,ngagel 185 ngagel wonokromo 60246,0.090909091,0
534,77,triger,mutiara margomulyo permai b 14 kyai tambak deres 35a 41a nan,1841,deli catering,galaxi bumi permai semolowaru sukolilo 60119,0.03125,0
391,529,jajanan crispy bu mah,babatan langgar 35 a blk rt rw dukuh sutorejo mulyorejo,2983,starbucks gubeng,raya gubeng 33 rt 002 rw 06 gubeng gubeng 60281,0.0625,0
378,260,burger up,dharmahusada indah timur rr 22 mulyorejo 60115,2272,unity cafe sub,gn sari indah bb 63 kedurus karangpilang city 60223,0.033333333,0
298,628,jny catering,wonosari wetan baru rt rw wonokusumo semampir,1797,ecoh catering,panjang jiwo tenggilis mejoyo panjang jiwo tenggilis mejoyo 60299,0.166666667,0
48,1345,ayam nelongso siwalankerto,siwalankerto 88 siwalankerto wonocolo 60234,3187,ayam goreng nelongso siwalankerto,siwalankerto 88 siwalankerto wonocolo 60234,0.875,1
223,1007,pawon omah,menanggal indah 8 33 dukuh menanggal gayungsari,1491,kuliner surabaya depot pojok pucang,pucangan gang 8 10 pucang gubeng 60283,0.041666667,0
246,867,frishhealthy,margorejo tangsi 4 29 margorejo wonocolo,2766,warung merah,siwalankerto timur 1 52 siwalankerto wonocolo 60236,0.05,0
468,689,klasik indonesia,manyar tirtoasri 4 9 klampis ngasem sukolilo,3041,warung kopi kenangan,j nginden 6 c 50 nginden jangkungan sukolilo 60118,0.035714286,0
187,1371,roti o kazacity surabaya,kaza city kapas krampung tambakrejo simokerto 60133,2348,jaen sajan surabaya,pucang rinenggo 8 kertajaya gubeng 60282,0.083333333,0
569,50,rafandra kitchen,bulak kenjeran 1 2 kenjeran bulak,2689,warung soto ayam surabaya,simo pomahan simo gn barat 1 38 simomulyo sukomanunggal 60281,0.041666667,0
576,676,vanila katering,simorejo sari b 7 27a simomulyo baru sukomanunggal 60181,2876,sri sultan surabaya masakan khas nusantara,raya satelit utara kn 1 tanjungsari sukomanunggal 60187,0.03125,0
209,764,kuelin,kapasari 1 18 g kapasari genteng,2842,puri iwake,plaza pemuda 33 37 embong kaliasin genteng 60271,0.041666667,0
531,840,dr juice,gersikan 11 rt rw 003 005 rt rw ploso tambaksari,2946,rotiboy bg junction,kranggan 4 rt 001 rw 01 bubutan bubutan 60174,0.071428571,0
605,986,lulin s lemon,klampis semolo tengah 1 22a semolowaru sukolilo 60119,2220,mokhabika coffee,ngagel jaya selatan ruko rmi semolowaru elok l 1 baratajaya gubeng 60284,0.055555556,0
465,1023,pohong keju mas pangestu,kapas madya barat 7 4 rt rw kapasmadya baru tambaksari,2238,bitten coffee tambaksari,tambaksari selatan 13 7 rt 002 rw 11 tambaksari tambaksari 60136,0.133333333,0
581,789,lidya s cake,kertajaya 222 kertajaya gubeng,3076,kopi kenangan ruko ngagel,ruko ngagel tim ngagel jaya selatan 4 baratajaya gubeng 60284,0.045454545,0
241,1145,rengganis,ngagel dadi 2 5a ngagel rejo wonokromo,2448,warung akor 72 giras,tegalsari wonorejo 2 72 wonorejo pusat 60263,0.045454545,0
170,522,griya calya,lidah kulon gang 2 8 rt 06 rw 01 lidah kulon lakarsantri,2905,a w plaza surabaya,plaza lantai 2 pemuda 33 37 embong kaliasin genteng 60271,0.026315789,0
127,378,catering aqiqah mandiri,masjid al akbar utara 3 pagesangan jambangan 60233,3248,aqiqah surabaya aqiqoh mandiri,masjid al akbar utara 3 pagesangan jambangan 60232,0.588888889,1
553,417,double a,lawang seketeng 4 4 peneleh genteng,1496,warung now,jimerto 2 12 ketabang genteng 60272,0.05,0
25,1387,mixue ice cream tea ngagel,ngagel jaya 57 pucang sewu gubeng 60283,3319,mixue ice cream tea ngagel,ngagel jaya 57 pucang sewu gubeng 60283,1.0,1
522,311,citra cake cookies,jojoran baru 3 11 b rt 006 012 mojo gubeng,3226,nita cake cookies,lakarsantri 3 a 5 lakarsantri lakarsantri 60211,0.285714286,0
595,1121,segodhong jati,golf 8 59 gunung sari ujung semampir,1947,ihwa catering,granada pf 8 21 lontar sambikerep 60216,0.038461538,0
443,721,ar herbal,dupak bandarejo 2 27 dupak krembangan,3318,mixue ptc surabaya,puncak indah raya lontar 2 babatan wiyung 60216,0.041666667,0
212,978,onde onde molen surabaya,bratang gede 79 ngagel rejo wonokromo,1577,dak nalgae surabaya,simpang darmo permai selatan 21 pradahkalikendal dukuhpakis 60226,0.1,0
539,1037,puding dapur diana,kertajaya 8 a 33 rt rw kertajaya gubeng,2486,gado gado warung hijau,ngagel jaya utara 38 rt 004 rw 03 pucang sewu gubeng 60283,0.09375,0
15,1347,bakmi gm galaxy mall 3,galaxy mall 3 dr ir h soekarno 3 mulyorejo mulyorejo 60115,3178,bakmi gm galaxy mall 3,galaxy mall 3 dr ir h soekarno 3 mulyorejo mulyorejo 60115,1.0,1
414,5,makan kuy sub,gubeng kertajaya 11 d 8 airlangga gubeng 60286,1444,jawa langka resto n cafe,jawa 36 12 gubeng gubeng 60281,0.045454545,0
394,970,kunyit asem imoon,mulyosari utara 9 26 rt rw kalisari mulyorejo,2533,warung makan bu mahmuda,layar 04 rt 005 rw 03 krembangan utara pabean cantikan 60163,0.09375,0
379,328,dapoer ashedap,taman rivera regency k 5 medokan ayu rungkut,2188,karmenseve coffee shop,karang menjangan 5 8 mojo gubeng 60285,0.035714286,0
543,1193,sri lestari,medokan semampir indah 11 4 medokan semampir sukolilo,2837,kimchi go,level 5 tunjungan plaza 4 basuki rahmat 8 12 kedungdoro tegalsari city 60261,0.027777778,0
143,922,koffiku,greenwood perumahan citraland e 9 6 rt 001 rw 007 made sambikerep 60219,3225,koffiku surabaya,greenwood e 9 6 taman hijau made 2 citraland made sambikerep city 60219,0.485294118,1
203,422,firstgradego firstgradego manna spyfee qassih,nambangan 09 tanah kali kedinding kenjeran 60129,1923,catering ibu,rungkut harapan blk c 36 kali rungkut rungkut 60293,0.038461538,0
565,625,jerindo,manyar kertoarjo 5 18 20 mojo gubeng 60285,1945,ardiah catering,barata jaya 2 51 rt 001 rw 04 baratajaya gubeng 60284,0.027777778,0
266,334,dapoer mumtaz,petukangan rt rw ampel semampir,1520,nasi ayam geprek penyetan panggangan sambal cumi,dapuan baru 4 44 rt 005 rw 05 krembangan utara pabean cantikan 60163,0.0625,0
481,235,brownies,jagir sidoresmo gg 6 76 rt 006 rw 001 jagir wonokromo,1741,fat choi noodle,sulawesi 54 ngagel wonokromo 60281,0.035714286,0
294,1054,resep ibu,ji medokan asri barat 10 n 14 medokan ayu rungkut 60295,3122,pizza hut delivery phd indonesia,rungkut menanggal harapan b j 5 rungkut menanggal gn anyar 60293,0.027777778,0
233,670,kencana,kalibokor kencana 2 31b pucang sewu gubeng 60283,3232,box kopi,ngagel jaya utara 20 pucang sewu gubeng 60283,0.166666667,0
471,760,kue kering mutiara,menanggal komplek peni 51 rt 002 rw 001 menanggal gayungan 60234,3105,a w restoran semolowaru,nginden semolo 98 rt 004 rw 02 nginden jangkungan sukolilo 60118,0.055555556,0
464,946,nita cake cookies,lakarsantri iiia 5 lakarsantri lakarsantri 60211,3081,cfc pasar turi baru,pasar turi 5 bubutan bubutan 60174,0.0625,0
200,676,vanila katering,simorejo sari b 7 27a simomulyo baru sukomanunggal 60181,2769,warung bu kris,ruko pengampon square semut baru 1 bongkaran pabean cantikan 60161,0.027777778,0
340,682,khairendra,tembok dukuh 10 36 b rt rw 012 001 tembok dukuh bubutan,2275,kedaiwolu_8 sby,simomulyo 1 41 b simomulyo sukomanunggal 60281,0.033333333,0
286,625,jerindo,manyar kertoarjo 5 18 20 mojo gubeng 60285,2327,coffee tgc,plaza graha famili loop bukit darmo boulevard 20 pradahkalikendal dukuhpakis 60216,0.027777778,0
334,583,inara bites,kapas gading madya 3a 45 rt rw dukuh setro tambaksari,2768,warung bu yah teratai,pqv3 xx4 teratai tambaksari tambaksari 60131,0.035714286,0
37,1405,mixue ice cream tea tenggilis,raya tenggilis mejoyo 4 kali rungkut rungkut 60293,3300,mixue ice cream tea tenggilis,raya tenggilis mejoyo 4 kali rungkut rungkut city 60293,0.9375,1
272,211,berlian bakery,kendangsari 1 28 kendangsari tenggilis mejoyo,3159,yoshinoya,galaxy mall 1 dr ir h soekarno 37 mulyorejo city 60115,0.033333333,0
265,705,ziyana walidah,teknik kantin pusat kmpus its keputih sukolilo,2030,chubby pusat grosir surabaya,pusat grosir dupak 4 gundih bubutan 60127,0.038461538,0
93,1407,mixue ice cream tea margorejo,margorejo indah 8 jemur wonosari wonocolo 60238,3298,mixue margorejo,margorejo indah 8 jemur wonosari wonocolo 60238,0.7,1
441,1032,mm coffee,gunung anyar sejahtera e 37 gunung anyartambak gunung anyar,2021,coffee workee,world trade centre lantai 6 1 pemuda 27 embongkaliasin genteng 60261,0.166666667,0
517,608,janenak,klampis ngasem 95 rt rw klampis ngasem sukolilo,1520,nasi ayam geprek penyetan panggangan sambal cumi,dapuan baru 4 44 rt 005 rw 05 krembangan utara pabean cantikan 60163,0.058823529,0
282,186,bandeng juwana,ngagel jaya utara 103 1 baratajaya gubeng 60284,2943,rotiboy,dupak 1 gundih bubutan 60174,0.041666667,0
231,46,pohong keju ndeso,sidosermo puskesmas 45 sidosermo wonocolo 60239,3123,pizza hut delivery phd indonesia,siwalankerto 249 siwalankerto wonocolo 60236,0.0625,0
297,540,hage kitchen,baruk tengah 9 cc 31 b rt rw kedung baruk rungkut,3240,ichirank,rungkut asri barat 13 24 rungkut kidul rungkut 60293,0.03125,0
190,667,kelapa hijau,kedung baruk graha santoso aa2 9 wonorejo rungkut,1662,united steaks,plaza graha family mayjend jonosewojo pradahkalikendal dukuhpakis city 60216,0.03125,0
270,183,azzalya food,kedung tarukan baru 40 a rt rw mojo gubeng,2135,dejavu,ngagel jaya selatan st 33 pucang sewu gubeng city 60283,0.027777778,0
418,658,kebab aden,karangrejo 15 12 rt rw wonokromo wonokromo,2837,kimchi go,level 5 tunjungan plaza 4 basuki rahmat 8 12 kedungdoro tegalsari city 60261,0.027777778,0
579,195,bebek goreng dan ayam kampung 55 surabaya,bendul merisi besar timur 1 a bendul merisi wonocolo 60239,2731,warung nasi 32,nginden baru 1 1 nginden jangkungan sukolilo 60118,0.038461538,0
215,1030,minuman tradisional bu kenti,dharmawangsa 4 28 rt rw airlangga gubeng,1750,hanamasa,gubeng pojok 31 rt 010 rw 07 ketabang genteng 60272,0.107142857,0
1,186,bandeng juwana,ngagel jaya utara 103 1 baratajaya gubeng 60284,3222,bandeng juwana,ngagel jaya utara 103 1 baratajaya gubeng 60284,1.0,1
227,661,kedai fadilah,tambak deres 1 21 kenjeran bulak,2766,warung merah,siwalankerto timur 1 52 siwalankerto wonocolo 60236,0.045454545,0
488,255,bunda reza,karang empat 12 60 ploso tambaksari,1509,hallo surabaya kartini,r a kartini 12 dr soetomo tegalsari 60264,0.038461538,0
268,1415,mixue ice cream tea kapasan,kapasan 210b sidodadi simokerto 60141,3328,mixue merr,dr ir h soekarno 416 a kedung baruk rungkut 60298,0.083333333,0
536,636,sigquel keripik kulit kebab criukz,putat jaya lebar b 29 putat jaya sawahan,2577,warung stmj,pq45 h4q ngagel jaya selatan st baratajaya gubeng city 60283,0.033333333,0
572,674,ud pangan utama,plemahan 7 20 a kedungdoro tegalsari rt rw kedungdoro tegalsari,2744,warteg bu erni,arief rahman hakim 8 a keputih sukolilo 60111,0.033333333,0
64,1363,cfc pasar atom,mall ps atum bunguran 45 bongkaran pabean cantikan 60161,3085,cfc atom,mall ps atum bunguran 45 bongkaran pabean cantikan city 60161,0.783333333,1
345,173,bakpia ulir,wonocolo gg benteng 1 31 jemur wonosari wonocolo 60237,2836,zona alam resto cafe,raya sambikerep kuwukan gg langgar lontar sambikerep 60185,0.035714286,0
85,187,bang zoel,sarpawisesa 44 ujung semampir,3209,bang zoel kedai,sarpawisesa 44 ujung semampir 60155,0.733333333,1
615,513,dapur utie mamik,wonocolo beteng 1 19 b rt rw jemur wonosari wonocolo,1927,faria catering,koblen tengah 20 a rw 05 bubutan bubutan 60174,0.03125,0
311,324,dama food,keputran 7 18 keputran tegalsari,1943,surya catering,wonosari kidul 3 7 b sawunggaling wonokromo 60242,0.045454545,0
41,1414,mixue ice cream tea upn rungkut madya,rungkut madya 213 medokan ayu rungkut nan,3287,mixue ice cream tea upn rungkut madya,rungkut madya 213 medokan ayu rungkut,0.916666667,1
142,546,hienak,medokan asri tengah 109 60295,3241,tempe hienak,medokan asri tengah 169 medokan ayu rungkut 60295,0.5,1
578,1044,rahma s kitchen,sri ikana 158 airlangga gubeng,2051,happynests cafe,jawa 18 rt 000 rw 00 gubeng gubeng 60281,0.041666667,0
146,773,ladang lima,rungkut industri 3 30 a kutisari tenggilis mejoyo 60291,3230,pt ladang sehat indonesia,rungkut industri 3 30a kutisari tenggilis mejoyo 60291,0.45,1
494,1223,taichan aican,petemon 1 92 b 60252,3132,pizza hut spicy,gubeng jaya 8 1 7 gubeng gubeng 60281,0.05,0
509,170,bakeon,graha family 1 37 60226,2631,warung murah,bratang binangun 1 21 baratajaya gubeng 60283,0.045454545,0
210,935,nena cake,pakis gunung 1c 5a pakis sawahan 60256,2076,kopi ongop,pprg fm2 arjuno sawahan sawahan 60251,0.05,0
492,801,m88 primarasa nagamas rasakita,pergudangan bumi maspion 4 raya maspion 1 3 romokalisari benowo 60192,1589,rawon pak pangat,lotus regency ketintang baru sel 1 15 ketintang gayungan 60235,0.027777778,0
527,959,kopi jegeg,babatan pratama b 4 rt rw babatan wiyung,3069,kopi kenangan ciputra world surabaya,ciputra world lg mayjen sungkono 89 gn sari dukuhpakis 60224,0.083333333,0
46,1346,bakmi gm tunjungan plaza 6,tunjungan plaza 6 lt 5 kedungdoro tegalsari 60261,3179,bakmi gm tunjungan plaza,tunjungan plaza 6 lt 5 kedungdoro tegalsari 60261,0.9,1
225,305,cilla katering,kedung tarukan baru 1 15 mojo gubeng,1807,alif nikmat catering service,ngagel madya 8 6 baratajaya gubeng 60284,0.038461538,0
244,533,grande food indonesia,demak jaya 2 70 rt rw tembok dukuh bubutan,2983,starbucks gubeng,raya gubeng 33 rt 002 rw 06 gubeng gubeng 60281,0.066666667,0
322,1066,rosme,ondomohen magersari 5 10 ketabang genteng,1494,arumanis restaurant,bumi city resort jend basuki rakhmat 106 128 embong kaliasin genteng city 60271,0.029411765,0
352,328,dapoer ashedap,taman rivera regency k 5 medokan ayu rungkut,2387,warung nasi bu indah,sukomanunggal dupak gg 5 35 jepara bubutan 60199,0.033333333,0
214,310,cita rasa alami,jeruk gg buntu 17 b rt 04 rw 02 jeruk lakarsantri 60212,1805,early bird catering,barat citraland raya bongso kulon rt 01 rw 01 menganti kabupaten gresik 61174,0.047619048,0
544,1171,soeka roti,medokan asri barat 7 ma 1l 33 medokan ayu rungkut 60295,2713,warung bu agoes e,raya darmo baru barat 56 sonokwijenan sukomanunggal 60226,0.029411765,0
104,1378,mixue ice cream tea merr,dr ir h soekarno 416 a kedung baruk rungkut 60298,3328,mixue merr,dr ir h soekarno 416 a kedung baruk rungkut 60298,0.7,1
167,1143,sinom jeng sri,kapas baru 3 10 kapas madya baru tambaksari 60137,2136,j j cafe,kedung cowek 33 gading tambaksari 60134,0.041666667,0
380,651,karya baru,sino gunung baru jaya e 14 putat jaya sawahan,1955,nina catering,kupang krajan 8 banyu urip 18 a kupang krajan sawahan 60253,0.03125,0
523,528,i nyong,siwalankerto utara 1 3b siwalankerto wonocolo 60236,2418,warung desa,ubi 6 1 jagir wonokromo 60244,0.045454545,0
72,102,ayam guling lambeh,griya babatan mukti m 23 babatan wiyung 60227,3265,ayam guling lambeh,griya babatan 2 m 23 rt 003 rw 07 babatan wiyung 60227,0.75,1
18,1400,mixue ice cream tea manukan,manukan tama 1 manukan kulon tandes 60185,3305,mixue ice cream tea manukan,manukan tama 1 manukan kulon tandes 60185,1.0,1
321,1359,burger king basuki rahmat surabaya,pert darmo park 1 bl 4 b 3 60256 embong kaliasin genteng 60271,1605,fusia restaurant rajanya nasi timbel,dr soetomo 134 darmo wonokromo 60241,0.027777778,0
137,789,lidya s cake,kertajaya 222 kertajaya gubeng,3198,lidyaâ s cake spesialis chiffon,kertajaya 222 kertajaya gubeng 60282,0.541666667,1
91,1380,mixue ice cream tea dharmawangsa,dharmawangsa 82a airlangga gubeng 60286,3326,mixue dharmawangsa,dharmawangsa 82a airlangga gubeng 60286,0.7,1
263,772,la spezia,gading pantai 5 19 dukuh sutorejo mulyorejo 60113,1668,mamasak surabaya,dukuh kupang xxv 50a dukuh kupang dukuhpakis 60225,0.038461538,0
194,1231,uncle ben s kitchen,kalibokor 3 28 rt rw pucang sewu gubeng,2571,warung sederhana,pucang anom tim 70 pucang sewu gubeng 60283,0.125,0
319,1011,mbok tini,bua setro 1 25 rt rw bulak bulak,2319,andromeda cafe,kupang gn tim 1 24 putat jaya sawahan 60255,0.033333333,0
446,152,au bakery,klumprik gg makam balas klumprik wiyung,2300,baccani cafe,raya wiyung 20 kedurus karangpilang 60223,0.05,0
58,993,pangsit mie ayam kak rus,perumahan gunung sari indah ww 21 60223,3228,pangsit mie ayam kak rus,ww perumahan gn sari indah 21 kedurus karangpilang 60223,0.8,1
38,354,dapur kesuma,wisma medokan utara 1 b5 medokan ayu rungkut,3203,dapur kesuma,wisma medokan utara 1 b5 medokan ayu rungkut 60295,0.9375,1
252,1295,unique cookies,manyar sambongan 115 kertajaya gubeng 60282,2182,cafe esco,gubeng kertajaya 5 b 58 airlangga gubeng 60286,0.090909091,0
250,170,bakeon,graha family 1 37 60226,3276,mixue bg junction,lantai ug upper ground c oc1 oc2 bubutan 1 7 bubutan bubutan 60174,0.033333333,0
381,782,delifru arnav bubuqu mili,perum citra sentosa e 36 lakarsantri 60211,3324,mixue gwalk,ruko taman gapura komp d 16 lakarsantri niaga gapura lontar sambikerep 60217,0.029411765,0
238,704,pt wonglokat international,kalianyar 17h kapasari genteng 60273,2085,pusat jajanan rakyat murah,pppx 263 embong kaliasin genteng city 60271,0.045454545,0
78,1372,wendy s grand city,grand city mall walikota mustajab ketabang genteng 60272,2931,wendy s,grand city mall walikota mustajab ketabang genteng 60272,0.75,1
22,1397,mixue ice cream tea tambaksari,pacar keling 7 pacar keling tambaksari 60131,3308,mixue ice cream tea tambaksari,pacar keling 7 pacar keling tambaksari 60131,1.0,1
207,441,en nos,juwingan 1 20 kertajaya gubeng 60282,1732,warung ikan cak yu,dharmahusada 173 mojo gubeng 60285,0.05,0
351,189,barokah bakery,pucang arjo 3 4 kertajaya gubeng,2785,warung pecel mbak lin,karang menur timur 27 airlangga gubeng 60286,0.041666667,0
9,1396,mixue ice cream tea sukomanunggal,sukomanunggal b 254 tanjungsari sukomanunggal 60187,3309,mixue ice cream tea sukomanunggal,sukomanunggal b 254 tanjungsari sukomanunggal 60187,1.0,1
482,513,dapur utie mamik,wonocolo beteng 1 19 b rt rw jemur wonosari wonocolo,2018,zorwid shop cafe,darmo indah barat 2 aa 1 tol gempol karangpoh barat 60186,0.027777778,0
431,1217,syauqi dessert,balongsari praja 1 23 rt rw balongsari tandes,2921,gokana ramen teppan food junction,pmx6 qc2 food junction grand banjar boulevard banjar sugihan tandes 60184,0.03125,0
547,180,abon ikan lele songo loro,petemon timur buntu a 26 kupang krajan sawahan,2403,bebek serasa pusat,raya dukuh kupang 53 rt 004 rw 08 pakis sawahan 60256,0.058823529,0
3,1399,mixue ice cream tea bratang,bratang gede 138 ngagelrejo wonokromo 60245,3306,mixue ice cream tea bratang,bratang gede 138 ngagelrejo wonokromo 60245,1.0,1
556,1228,ud mustika permata intan fortuna,teluk aru utara 56 rt rw perak utara pabean cantian,2074,kolonial kopi,penataran 5a rt 005 rw 11 pacar keling tambaksari 60131,0.058823529,0
575,777,dapur mimi,simomagerejo 12 22a simomulyo sukomanunggal,1679,kapin restaurant,raya kupang baru 12 sonokwijenan sukomanunggal 60189,0.1,0
33,1421,mixue ice cream tea pakuwon mall,pakuwon trade centre lantai 1 fc 032a mayjend jonosewojo babatan wiyung 60216,3277,mixue ice cream tea pakuwon mall,pakuwon trade centre lantai 1 fc 032a mayjend jonosewojo babatan wiyung 60227 60216,0.961538462,1
67,1420,mixue ice cream tea bg junction,lantai ug upper ground c oc1 oc2 bubutan 1 7 bubutan bubutan 60174,3276,mixue bg junction,lantai ug upper ground c oc1 oc2 bubutan 1 7 bubutan bubutan 60174,0.75,1
587,1323,ynr seketeng,lawang seketeng 4 16 peneleh genteng,2838,kfc,food galery pemuda 27 31 embong kaliasin genteng 60271,0.035714286,0
476,232,bread day,tenggumung baru selatan 1 pegirian semampir 60152,1957,atha nabailah,10 simo pomahan baru bar 35 simomulyo sukomanunggal 60281,0.033333333,0
232,735,bu mudji,kalikepiting pompa 18 b rt rw pacarkembang tambaksari,1474,tempat makan setro tengah no 45,setro tengah 45 gading tambaksari 60134,0.038461538,0
454,939,niha snacks,dinoyo baru utara 10 rt 001 rw 003 keputran tegalsari 60265 keputran tegalsari,2855,sego sambel mak yeye,jagir wonokromo wetan 10 jagir wonokromo 60244,0.033333333,0
288,1075,sae lesmana,tambak wedi lebar j 5 tambak wedi kenjeran,2942,roti o,jqgw 389 raya ir h juanda segoro tambak betro sedati kabupaten sidoarjo 61253,0.027777778,0
410,1152,s jr,simo rukun 8 18 rt rw simomulyo sukomanunggal,1542,nasi bakar dapur mamiku,simpang darmo permai selatan 17 rt 005 rw 8 pradahkalikendal dukuhpakis 60226,0.088235294,0
546,329,dapoer asheeqa,simo gunung barat 3a 2 simomulyo sukomanunggal,2469,warung enggal,komplek auri raya simo gunung 18 putat jaya sawahan city 60281,0.0625,0
444,584,miss kribro,simohilir barat 5 17 simomulyo baru sukomanunggal,3268,180â c cake dessert,raya semampir barat 17b medokan semampir sukolilo 60119,0.038461538,0
420,328,dapoer ashedap,taman rivera regency k 5 medokan ayu rungkut,3211,brownies panggang auzamifood,medayu utara xxx d 2 rt09 14 medokan ayu rungkut 60295,0.09375,0
269,1067,roso omahan,genteng sidomukti 68 rt rw genteng genteng,2817,wisata kuliner embong blimbing surabaya,embong blimbing embong kaliasin genteng 60262,0.055555556,0
45,1360,burger king merr,dr ir h soekarno kedung baruk rungkut 60298,3092,burger king merr,mqmj 4gv dr ir h soekarno kedung baruk rungkut 60298,0.9,1
131,1352,yoshinoya lenmarc mall surabaya,lenmarc mall gf mayjend jonosewojo 9 pradahkalikendal dukuhpakis 60226,1657,yoshinoya,lenmarc mall gf mayjend jonosewojo 9 pradahkalikendal dukuhpakis city 60226,0.575,1
196,924,nanetta cakeshop,golf 6 14 gunung sari dukuh pakis,2712,warung bu rudi,pasar dukuh kupang dukuh kupang bar 299 dukuh kupang dukuhpakis 60225,0.038461538,0
261,348,dapur fafa,jojoran baru 3 dalam 34 rt rw mojo gubeng,1927,faria catering,koblen tengah 20 a rw 05 bubutan bubutan 60174,0.03125,0
461,1059,richwell,raya darmo permai 3 ruko pasar modern 20 sono kwijenan sukomanunggal 60189,2225,triple s neighborhood,raya jemursari 325 sidosermo wonocolo 60239,0.029411765,0
333,771,dapur mbak dwi,ngaglik baru 2 21 rt 02 rw 08 kapasari genteng,1429,warung kongde mbak may,ppxp fhx bubutan 2 alun alun contong bubutan 60174,0.114583333,0
287,272,pempek palembang bu diana,taman mulyosari utara 7 kalisari mulyorejo,2767,warung nasi bebek krengsengan thr,ppxx frp taman kusuma bangsa ketabang genteng 60272,0.038461538,0
205,1178,sop ayam pak win klaten,semolowaru timur 4 ac semolowaru sukolilo,2406,soto banjar asli hikmah pusat grosir surabaya,pusat grosir lantai 4 foodcourt dupak raya gundih bubutan 60172,0.035714286,0
501,341,dapur bulin,semampir tengah 3 medokan semampir sukolilo,2320,the library coffee pastries,tower d1 pakuwon indah kav 3 5 babatan wiyung 60126,0.035714286,0
90,147,asmara spikoe,kalilom lor timur 1b 5 60129,3213,asmara spikoe,kalilom lor timur gg ib 5 tanah kali kedinding kenjeran 60129,0.708333333,1
574,513,dapur utie mamik,wonocolo beteng 1 19 b rt rw jemur wonosari wonocolo,1486,sate kelopo ondomohen bu asih surabaya,walikota mustajab 36 rw 05 ketabang genteng 60272,0.03125,0
580,1391,mixue ice cream tea kupang jaya,kupang jaya 1 33 sonokwijenan sukomanunggal 60189,1663,dong bei yi jia ren,raya kupang indah 45a sonokwijenan sukomanunggal 60225,0.136363636,0
532,217,bingelicious,klumprik rt 004 rw 002 balas klumprik wiyung 60222,2117,glã¼ck kaffee bã ckerei,pakis tirtosari 885 rt 002 rw 10 pakis sawahan 60256,0.107142857,0
614,219,bm chicken,dk kaliwaru t 4 17c kalirungkut rungkut 60293,3239,iffoods kebab burger,wonorejo indah tim 7 68 wonorejo rungkut 60296,0.035714286,0
450,1014,mesem healthy drink,medokan semampir aws 1 18 60119 medokan semampir sukolilo,2418,warung desa,ubi 6 1 jagir wonokromo 60244,0.041666667,0
610,1089,sambal pecel ndeso bunda nanik,pondok maritim indah ak 22 balas klumprik wiyung,3009,chatime supermall pakuwon,inside ace hardware puncak indah raya lontar 2 babatan wiyung 60227,0.058823529,0
511,1400,mixue ice cream tea manukan,manukan tama 1 manukan kulon tandes 60185,3298,mixue margorejo,margorejo indah 8 jemur wonosari wonocolo 60238,0.083333333,0
75,1251,starbucks coffee jemursari surabaya,jemursari tim 2 jemur wonosari wonocolo 60237,2972,starbucks jemursari,jemursari tim 2 jemur wonosari wonocolo 60237,0.75,1
363,474,frolic banana,darmo permai selatan 5 42a pradah kali kendal dukuh pakis,1736,idaman chinese and indonesian restaurant,manyar kertoarjo 5 65 rt 007 rw 11 mojo gubeng 60285,0.025,0
50,1018,pizza haq,kendangsari b 10 kendangsari tenggilis mejoyo,3117,pizza haq,kendangsari ykp b 10 kendangsari tenggilis mejoyo 60292,0.857142857,1
11,1390,mixue ice cream tea semolowaru,nginden semolo 20 nginden jangkungan sukolilo 60118,3316,mixue ice cream tea semolowaru,nginden semolo 20 nginden jangkungan sukolilo 60118,1.0,1
296,630,joglo,genteng butulan 4 rt rw genteng genteng,1991,uena tenan catering,demak 22 bubutan gundih rt rw 006 008 gundih bubutan 60173,0.083333333,0
503,123,campina,rungkut industri 2 15 17 tengilis mejoyo tenggilis mejoyo 60292,2150,nol coffee,flores 15 ngagel wonokromo 60246,0.038461538,0
201,852,dv,kalimas baru 2 gang 1 11 a perak timur pabean cantian,2558,warung nasi jm pentol jm,mulyorejo selatan baru 1 mulyorejo manyar sabrangan mulyorejo 60116,0.0625,0
358,216,bima pecel,bulak cupat timur 5 7 rt01 rw02 bulak bulak 60124,2429,warung makan,gundih 5 1 gundih bubutan 60172,0.041666667,0
452,1251,starbucks coffee jemursari surabaya,jemursari tim 2 jemur wonosari wonocolo 60237,3110,a w restoran surabaya town square,ss town square plaza adityawarman sawunggaling wonokromo 60242,0.055555556,0
386,1217,syauqi dessert,balongsari praja 1 23 rt rw balongsari tandes,1699,madame chang,raya darmo permai 1 15 pradahkalikendal dukuhpakis 60226,0.035714286,0
463,68,bang troy good eats ting tong,raya made utara rt 004 rw 004 made sambikerep 62195,2461,warung cak eko,raya wonorejo 3 30 tegalsari wonorejo pusat 60263,0.035714286,0
126,316,cookies box,h r muhammad 73b 60226,3223,cookies box,mayjen hr muhammad 73b putat gede sukomanunggal 60189,0.590909091,1
219,271,otak otak bandeng soerabaja,kapas baru 3 77 rt 015 rw 007 kapas madya baru tambaksari,3308,mixue ice cream tea tambaksari,pacar keling 7 pacar keling tambaksari 60131,0.035714286,0
123,1384,mixue ice cream tea mulyosari,raya mulyosari 110 kalisari mulyorejo nan,3322,mixue mulyosari,raya mulyosari 110 kalisari mulyorejo,0.616666667,1
144,1186,spika spiku dan jl cookies,kapasan 151 kapasan simokerto 60141,3251,spika butter spiku,kapasan simokerto city 60141,0.466666667,1
367,421,erwin frozen,lebak jaya utara va rawasan 49a 60134,2546,warung cak no lamongan,teluk aru tengah 37 perak utara pabean cantikan 60165,0.033333333,0
101,1392,mixue ice cream tea klampis,klampis jaya 25c klampis ngasem sukolilo 60116,3314,mixue klampis,klampis jaya 25c klampis ngasem sukolilo 60116,0.7,1
549,455,makku,sidomulyo 4 c 6 sisotopo wetan kenjeran 60128,3259,pabrik pizza kebab surabaya,gg lamtana 21 tanah kali kedinding kenjeran 60129,0.033333333,0
19,1403,mixue ice cream tea raya dukuh kupang,raya dukuh kupang 47a putat jaya sawahan 60225,3302,mixue ice cream tea raya dukuh kupang,raya dukuh kupang 47a putat jaya sawahan 60225,1.0,1
148,71,dimsum mbledos,kalijudan mulia 25 rt 005 rw 006 kalijudan mulyorejo 60114,3269,dimsum mbledos merr,dr ir h soekarno 53 kalijudan mulyorejo 60114,0.44047619,1
197,753,dapoer reytara,asemrowo 4 40 a rt rw asem rowo asem rowo,1665,d jang gem korean restaurant,mayjen sungkono 208 a putat gede sukomanunggal 60189,0.033333333,0
370,1252,starbucks coffee gubeng,raya gubeng 33 rt 002 rw 06 gubeng gubeng 60281,2066,cafe coklat,gubeng pojok 3 ketabang genteng 60272,0.038461538,0
247,1143,sinom jeng sri,kapas baru 3 10 kapas madya baru tambaksari 60137,2954,bread o,gubeng masjid 35 pacar keling tambaksari 60131,0.038461538,0
300,336,dapoer shasha,cumpat kulon baru 1 43 kedung cowek bulak,1589,rawon pak pangat,lotus regency ketintang baru sel 1 15 ketintang gayungan 60235,0.066666667,0
348,76,jeruk pecel tulen,sidonipah gg 2 3 5 simolawang simokerto 60144,1720,ramayana restaurant,darmo park 2 mayjen sungkono dukuh pakis dukuhpakis 60224,0.03125,0
140,1234,violetta,kapasari 5 26 kapasari genteng,3256,violetta drinks and cathering,kapasari 5 26 kapasari genteng 64395,0.525,1
433,675,ummu barokah,pondok benowo indah 20 1 babat jerawat pakal,3222,bandeng juwana,ngagel jaya utara 103 1 baratajaya gubeng 60284,0.033333333,0
480,524,hl2t,ploso 1 3g ploso tambaksari,2062,kedai ombe kopi,embong malang 67c kedungdoro tambaksari 60261,0.055555556,0
567,742,cece mboizz,gubeng kertajaya 7b 10 airlangga gubeng,3054,kopi kenangan royal residence square,royal residence sumur welut 02 10 babatan lakarsantri 60215,0.038461538,0
168,1135,pawon geol,medokan semampir j 2 medokan semampir sukolilo,1792,catering harian surabaya delizio catering,putra bangsa 3 4 medokan ayu rungkut 60295,0.041666667,0
603,888,mixfree,wiguna tengah 9 6 rt rw gunung anyar tambak gunung anyar,2041,coffee places,kebalen kulon 2 11 rt 002 rw 06 krembangan utara pabean cantikan 60163,0.05,0
307,515,daun so,kalimas baru 1 35 a rt 06 rw 1 perak utara pabean cantian,2376,warung pecel dan rawon mbak sun,kali sumo bratang gede kalisumo 65 a ngagelrejo wonokromo 60245,0.023809524,0
573,158,gelato di lenno,kedung asem gg 10 5 rt 04 rw 02 kedung baruk rungkut 60293,3053,kopi kenangan shell kedung cowek surabaya,kedung cowek 340 tanah kali kedinding kenjeran 60129,0.026315789,0
571,677,viral,pesapen gang 3 27 rt rw sumurwelut lakarsantri,2430,warung bu siswo,pucang jajar tengah 65 rt 003 rw 01 kertajaya gubeng 60282,0.058823529,0
153,726,azahra kuliner,semolowaru elok r 11 semolowaru sukolilo,3233,pecel pincuk azahra kuliner,semolowaru 55 semolowaru sukolilo 60119,0.392857143,1
458,1411,mixue ice cream tea lontar,raya lontar 309 lontar sambikerep 60216,1538,m2 resto seafood restaurant,raya wiyung 56 wiyung wiyung 60228,0.0625,0
81,1391,mixue ice cream tea kupang jaya,kupang jaya 1 33 sonokwijenan sukomanunggal 60189,3315,mixue kupang jaya,kupang jaya 1 33 sonokwijenan sukomanunggal 60189,0.75,1
293,38,morela,kenikir 17 ketabang genteng,3254,stmj herbal pak tejo,yos sudarso 9 embong kaliasin genteng 60271,0.05,0
206,762,dapur bilbil,genteng legen 1 1 genteng genteng,2160,dannbam coffee surabaya,makam peneleh 77 peneleh genteng 60274,0.071428571,0
419,265,cak fen,kutisari indah barat 3 64 kutisari tenggilis mejoyo 60291,1684,boncafe kupang indah,raya kupang indah 1 dukuh kupang dukuhpakis 60189,0.035714286,0
408,1381,mixue ice cream tea plaza surabaya,lt 4 plaza pemuda embong kaliasin genteng 60271,2820,warung makan enak 19,pucang anom timur 4 19 kertajaya gubeng 60282,0.033333333,0
177,591,niko echo,wonorejo permai selatan 5 20 rt rw wonorejo rungkut,2624,warung pak tam,simpang darmo permai selatan 4 pradahkalikendal dukuhpakis 60226,0.071428571,0
112,1349,solaria plaza surabaya,plaza solaria delta pemuda embong kaliasin genteng 60271,2904,solaria,plaza solaria delta pemuda embong kaliasin genteng 60271,0.666666667,1
248,336,dapoer shasha,cumpat kulon baru 1 43 kedung cowek bulak,1748,warung makan bu sima,gubeng jaya 2 ka 1 gubeng gubeng 60281,0.038461538,0
430,233,brown nice,ngagel jaya 21 b rt 05 rw 01 pucang sewu gubeng 60283,2587,warung kopi barokah,bratang binangun 1 24 rt 002 rw 08 baratajaya gubeng 60284,0.075,0
315,579,marco,dinoyo sekolahan 4 26a keputran tegalsari,1509,hallo surabaya kartini,r a kartini 12 dr soetomo tegalsari 60264,0.038461538,0
529,1278,torta,wonorejo 1 15 wonorejo tegalsari 60261,2018,zorwid shop cafe,darmo indah barat 2 aa 1 tol gempol karangpoh barat 60186,0.035714286,0
591,176,mbok tini,bua setro 1 25 rt rw bulak bulak,1763,melly catering,kapasan kidul 2 1 simokerto simokerto 60143,0.041666667,0
66,349,dapur flamboyan,bendul merisi gg 1 sel 23 rt rw bendul merisi wonocolo,3204,dapur flamboyan,bendul merisi gg 1 selatan 23 bendul merisi wonocolo 60244,0.772727273,1
470,1256,tata,wisma lidah kulon d 24 60213,1938,lia amai kitchen,manukan asri 5 1 manukan kulon tandes 60185,0.041666667,0
347,1116,sedaap,gedung ekonomi embong malang 61 65 tegalsari,2019,chocolato cafe,tunjungan plaza jendral basuki rahmat 8 12 kedungdoro tegalsari 60261,0.03125,0
583,673,trotik,setro baru utara 7 28 dukuh setro tambaksari,2040,soerabaja cafã,parking lot gubeng masjid pacar keling tambaksari city 60131,0.033333333,0
96,1417,mixue ice cream tea kalijudan,kalijudan 42 rw 02 kalijudan mulyorejo 60114,3284,mixue kalijudan,kalijudan 42 rw 02 kalijudan mulyorejo 60114,0.7,1
211,358,dapur mak razka,putat jaya c barat 4 buntu 6b putat jaya sawahan 60255,2720,warung cak tu in,putat gede bar 2 putat gede sukomanunggal 60226,0.035714286,0
61,538,guri ramen mulyosari,mulyosari 92 kalisari mulyorejo nan,3243,guri ramen mulyosari,raya mulyosari 92 kalisari mulyorejo 60112,0.785714286,1
320,871,glamour clasic,ikan kerapu 03 11 a rt rw perak barat krembangan,1949,kamponk catering,pradah kalikendal 2 4 11 pradahkalikendal dukuhpakis 60226,0.029411765,0
110,1365,wingstop intiland surabaya,lidah wetan lakarsantri bukit darmo boulevard 22 babatan wiyung 60225,1575,wingstop,lidah wetan lakarsantri bukit darmo boulevard 22 babatan wiyung 60225,0.666666667,1
504,292,cemara kitchen,manukan lor 1 c 2 rt rw manukan kulon tandes,1828,uti mami kitchen,gubeng kertajaya 9 raya d 5 airlangga gubeng 60286,0.125,0
353,479,gedhang don cuan,karang gayam wetan 1 b 4 rt rw mojo gubeng,2204,nay kopi,kalibokor selatan 14 pucang sewu gubeng 60283,0.03125,0
432,1261,outlet maxx coffee siloam surabaya,lobby rs siloam raya gubeng 70 gubeng gubeng 60281,3253,pt caltera biobiru nusantara,raya satelit utara bt 29 tanjungsari sukomanunggal city 60187,0.033333333,0
119,1350,solaria royal plaza surabaya,royal plaza solaria ahmad yani ketintang gayungan 60231,2868,solaria,royal plaza solaria ahmad yani ketintang gayungan 60231,0.625,1
129,229,bon bon,penjaringansari ps 1 a 22 penjaringansari rungkut 60297,3207,bon bon,penjaringan asri 14 10 penjaringan sari rungkut 60297,0.583333333,1
495,368,dapur rabbany,panjangjiwo 9 5 rt rw panjang jiwo tenggilis mejoyo,2403,bebek serasa pusat,raya dukuh kupang 53 rt 004 rw 08 pakis sawahan 60256,0.055555556,0
27,1394,mixue ice cream tea dharmahusada,dharmahusada 121 c mojo gubeng 60285,3312,mixue ice cream tea dharmahusada,dharmahusada 121 c mojo gubeng 60285,1.0,1
376,583,inara bites,kapas gading madya 3a 45 rt rw dukuh setro tambaksari,2539,warung pakem,pacar kembang 149 pacar kembang tambaksari 60132,0.035714286,0
496,491,batagor puyuh surabaya,arif rahman hakim 54 keputih sukolilo,2524,warung bu hari,3 sukolilo semolowaru utara 1 6 semolowaru sukolilo 60119,0.041666667,0
349,483,alula bread,perum amira graha a 21 rt rw wonokusumo semampir,1779,althinz catering service,kedung klinter 7 24 rt 006 rw 03 kedungdoro tegalsari 60261,0.055555556,0
12,1249,kopi kenangan royal plaza surabaya,royal plaza lg ahmad yani 16 18 wonokromo wonokromo 60231,3074,kopi kenangan royal plaza surabaya,royal plaza lg ahmad yani 16 18 wonokromo wonokromo 60231,1.0,1
338,865,ferial koffie,wonosari lor baru 8 2 wonokusumo semampir wonokusumo semampir,1791,nasi kebuli asha_catering,nyamplungan 6 90 ampel semampir 60151,0.041666667,0
397,1226,taj mahal,nyamplungan n0 49,1791,nasi kebuli asha_catering,nyamplungan 6 90 ampel semampir 60151,0.0625,0
56,325,aisya catering wedding,kebonsari 3 28 kebonsari jambangan 60233,1856,aisya catering wedding,dan kebonsari 3 28 raya kebonsari 18 kebonsari jambangan 60233,0.8125,1
403,702,sedaap,gedung ekonomi embong malang 61 65 kedungdoro tegalsari 60261,2976,starbucks tp 3,pppq mpv kedungdoro tegalsari city 60261,0.125,0
256,1180,spaghetti aura,taman mulyosari utara 7 rt rw kalisari mulyorejo,2613,warung namera,010 sidoluhur 4 e rw 02 krembangan sel krembangan 60175,0.03125,0
404,369,dapur rutia,simo pomahan 5 s 20 simomulyo baru sukomanunggal,1655,3m makassar,darmo permai timur 2 40 sonokwijenan sukomanunggal 60189,0.033333333,0
99,1413,mixue ice cream tea kranggan,kranggan 27 rt 006 rw 09 sawahan sawahan 60251,3290,mixue kranggan,kranggan 27 rt 006 rw 09 sawahan sawahan 60251,0.7,1
77,1297,urban wagyu,opak 50 darmo wonokromo 60241,3261,urban wagyu steakhouse opak,opak 50 darmo wonokromo 60241,0.75,1
342,1405,mixue ice cream tea tenggilis,raya tenggilis mejoyo 4 kali rungkut rungkut 60293,2626,nasi kuning dobo coto makassar,nginden intan raya 1d nginden jangkungan sukolilo 60118,0.038461538,0
158,864,fedya,ondomohen magersari 5 12 ketabang genteng,2052,aluama coffee bar,undaan wetan 30a ketabang genteng 60272,0.1,0
172,1399,mixue ice cream tea bratang,bratang gede 138 ngagelrejo wonokromo 60245,3224,ngastina,bawean 20 ngagel wonokromo 60246,0.05,0
312,264,cahaya suci,ploso 4 26 ploso tambaksari,2800,warung ijo bu soli,pqv5 j8x jagiran tambaksari tambaksari 60136,0.0625,0
277,283,zaqira food,randu bara 2 4 rt 005 rw 012 rt rw sidotopo wetan kenjeran,2991,richeese factory,tunjungan plaza lt ug basuki rahmat 2 kedungdoro tegalsari 60261,0.025,0
160,1253,outlet es teler 77 royal plaza surabaya,royal plaza ahmad yani 16 18 wonokromo wonokromo 60243,2199,basecamp ikabu surabaya selatan,mqhf 586 raya kedung asem kedung baruk rungkut 60293,0.05,0
593,1355,a w plaza surabaya,plaza lantai 2 pemuda 33 37 embong kaliasin genteng 60271,2997,q bubble tea,royal plaza lantai 3 mo 2 09 achmad yani wonokromo wonokromo 60231,0.083333333,0
424,834,dinni food drink,baratajaya 9 10 baratajaya gubeng,3231,kuweh surabaya,raya menur 38 airlangga gubeng 60286,0.055555556,0
588,662,kedai kue putri ageng,pulo wonokromo 289 wonokromo wonokromo wonokromo,3151,yoshinoya royal plaza,royal plaza lt g a1 18 ahmad yani 18 wonokromo city 60243,0.038461538,0
30,1355,a w plaza surabaya,plaza lantai 2 pemuda 33 37 embong kaliasin genteng 60271,2905,a w plaza surabaya,plaza lantai 2 pemuda 33 37 embong kaliasin genteng 60271,1.0,1
113,1183,slash coffee company,keputih gg 3 b 82 sukolilo keputih sukolilo,3250,slash coffee company,keputih makam a 3 keputih sukolilo 60111,0.666666667,1
239,260,burger up,dharmahusada indah timur rr 22 mulyorejo 60115,2932,es teller 77,galaxy mall dharma husada 35 37 mulyorejo mulyorejo 60115,0.076923077,0
21,398,bandeng juwana,ngagel jaya utara 103 1 baratajaya gubeng 60284,3222,bandeng juwana,ngagel jaya utara 103 1 baratajaya gubeng 60284,1.0,1
457,713,aisumaki,jetis wetan 67 margorejo wonocolo,2855,sego sambel mak yeye,jagir wonokromo wetan 10 jagir wonokromo 60244,0.055555556,0
284,758,kue dorayaki friends,tambak mayor baru 4 204 asem rowo asem rowo,2946,rotiboy bg junction,kranggan 4 rt 001 rw 01 bubutan bubutan 60174,0.035714286,0
486,624,seblak putri bali,raya sememi komplek smun 12 sememi benowo,2810,hachi hachi bistro,tunjungan plaza 4 jenderal basuki rachmat 8 12 kedungdoro tegalsari city 60261,0.029411765,0
589,1029,minuman segar nom nom,taman mulyosari utara 33 rt rw kalisari mulyorejo,2860,mie mami mie ayam,dukuh kupang utara 1 2 putat jaya sawahan 60255,0.03125,0
34,99,the dapoer 31,perumahan griya amerta j 20 medokan ayu rungkut 60295,3267,the dapoer 31,perumahan griya amerta j 20 medokan ayu rungkut city 60295,0.95,1
385,752,dapoer rasya,bentul 8 50b rt rw jagir wonokromo,2995,meichan thaitea mojopahit 32,mojopahit 32 rt 001 rw 07 keputran tegalsari 60265,0.071428571,0
290,1369,roti o dtc surabaya,darmo trade center jagir wonokromo jagir wonokromo 60244,2854,kuliner,sebtra pkl taman bungkul darmo wonokromo 60241,0.090909091,0
484,625,jerindo,manyar kertoarjo 5 18 20 mojo gubeng 60285,1807,alif nikmat catering service,ngagel madya 8 6 baratajaya gubeng 60284,0.035714286,0
499,26,javanana chips,peneleh 6 57 a peneleh genteng,1499,surabaya special eel,ruko landmark ruko landmark kayoon kayoon 40 embong kaliasin genteng 60271,0.041666667,0
259,537,gunung kelud,gayungsari barat 3 61 rt 005 rw 003 gayungan gayungan 60234,2074,kolonial kopi,penataran 5a rt 005 rw 11 pacar keling tambaksari 60131,0.088235294,0
439,247,bucik gendut,kawatan 6 3 alun alun contong bubutan,1900,sopongiro catering,kedung anyar sawahan kedung anyar gg bei 3 sawahan selatan 60251,0.038461538,0
558,656,kaylanissa,nginden 2 110 rt rw nginden jangkungan sukolilo,2951,roti o siwalankerto,siwalankerto utara 2 129 siwalankerto wonocolo 60236,0.041666667,0
515,968,kunyit asam kdrt kualitas dengan rempah terbaik,pakal madya jaya 5 24 pakal pakal,2830,kopitiam,pelayanan jantung terpadu lobby gedung pusat dharmawangsa 24 airlangga gubeng 60286,0.033333333,0
114,1246,chatime ciputra world,pasar wonokitri lantai lg 45 ciputra world mayjen sungkono gn sari dukuhpakis 60224,3018,chatime,pasar wonokitri lantai lg 45 ciputra world mayjen sungkono gn sari dukuhpakis 60224,0.666666667,1
525,672,kepuh indah,grudo 1 52b dr soetomo tegalsari 60264,1918,r n catering,lakarsantri gg 1 a 35 lakarsantri lakarsantri 60211,0.041666667,0
456,1134,pawon gendis,banyu urip kidul 10 d 2 rt rw banyu urip sawahan,2295,cafe beringin,pmpj p79 darmo indah sari 2 karangpoh tandes 60186,0.029411765,0
133,1195,stmj herbal pak tedjo,yos sudarso 9 a samping klinik pusura embong kaliasin genteng,3254,stmj herbal pak tejo,yos sudarso 9 embong kaliasin genteng 60271,0.572727273,1
183,717,alif,donokerto 8 43 kapasan simokerto,2744,warteg bu erni,arief rahman hakim 8 a keputih sukolilo 60111,0.041666667,0
150,383,taste and taste catering,pakis argosari f 24 60224,3247,taste taste,pakis argosari 24 dukuh pakis dukuhpakis city 60224,0.416666667,1
510,257,nasi bakar bu wandi,mulyosari utara 9 18 kalisari mulyorejo,2546,warung cak no lamongan,teluk aru tengah 37 perak utara pabean cantikan 60165,0.035714286,0
563,1377,majestyk kapas krampung,kapas krampung 93 rw 04 rangkah tambaksari 60135,1878,catering ani,ploso timur 8 17b ploso tambaksari 60133,0.038461538,0
80,946,nita cake cookies,lakarsantri iiia 5 lakarsantri lakarsantri 60211,3226,nita cake cookies,lakarsantri 3 a 5 lakarsantri lakarsantri 60211,0.75,1
483,1249,kopi kenangan royal plaza surabaya,royal plaza lg ahmad yani 16 18 wonokromo wonokromo 60231,3140,pizza hut restoran royal plaza surabaya,royal plaza lt ground floor ahmad yani 16 18 wonokromo wonokromo 60243,0.456730769,0
125,190,barokah puding suroboyoo,pondok maritim indah blk am 04 rt rw balas klumprik wiyung,3208,barokah puding suroboyoo,kr klumprik slt 8 4 balas klumprik wiyung 60222,0.59375,1
156,542,hamis kitchen,taman menanggal indah 17 dukuh menanggal gayungan 60231,2193,titik kumpul surabaya warkop and cafe,dukuh kupang utara 1 1 putat jaya sawahan 60225,0.035714286,0
