left_id;Merek Dagang;Alamat Pu;No Daftar;Tgl Daftar;No Sert;Tgl Sert;Tgl Valid;right_id;Name;Address;Website;Plus_Code;Rating;Reviews;URL;jaccard;label
1411;mixue ice cream tea lontar;raya lontar 309 lontar sambikerep 60216;;;ID00410001326911122;;;3292;mixue ice cream tea lontar;raya lontar 309 lontar sambikerep 60216;;PM86+RC Lontar, Surabaya City, East Java;4.3;34;https://www.google.com/maps/place/Mixue+Ice+Cream+%26+Tea+-+Lontar/@-7.2828791,112.5910828,13z/data=!4m11!1m3!2m2!1smixue+di+surabaya!6e5!3m6!1s0x2dd7fd482bb20381:0xc352021780031fba!8m2!3d-7.2828791!4d112.6611206!15sChFtaXh1ZSBkaSBzdXJhYmF5YVoTIhFtaXh1ZSBkaSBzdXJhYmF5YZIBDmljZV9jcmVhbV9zaG9w4AEA!16s%2Fg%2F11tf89540s?hl=en;1;1
186;bandeng juwana;ngagel jaya utara 103 1 baratajaya gubeng 60284;SH2022-1-026832;29 June, 2022, 00:00;ID35110000409590622;1 July, 2022, 00:00;1 July, 2026, 00:00;3222;bandeng juwana;ngagel jaya utara 103 1 baratajaya gubeng 60284;http://www.bandengjuwana.id/;PQ65+CJ Baratajaya, Surabaya City, East Java;4.6;147;https://www.google.com/maps/place/BANDENG+JUWANA/@-7.28895,112.6890432,12z/data=!4m10!1m2!2m1!1sBandeng+Juwana!3m6!1s0x2dd7fbb42e6a0b73:0xd67664961e3ddfaa!8m2!3d-7.28895!4d112.759081!15sCg5CYW5kZW5nIEp1d2FuYSIDiAEBWhAiDmJhbmRlbmcganV3YW5hkgEFc3RvcmXgAQA!16s%2Fg%2F1tsq8649?hl=en;1;1
1409;mixue ice cream tea petemon;petemon bar 127 rt 001 rw 02 kupang krajan sawahan 60253;;;ID00410001326911122;;;3296;mixue ice cream tea petemon;petemon bar 127 rt 001 rw 02 kupang krajan sawahan 60253;;PPJ9+VM Kupang Krajan, Surabaya City, East Java;4.4;85;https://www.google.com/maps/place/Mixue+Ice+Cream+%26+Tea+-+Petemon/@-7.2788329,112.6957981,13z/data=!4m11!1m3!2m2!1smixue+di+surabaya!6e5!3m6!1s0x2dd7f95864d6e975:0x842479856c480cf0!8m2!3d-7.267849!4d112.7191796!15sChFtaXh1ZSBkaSBzdXJhYmF5YVoTIhFtaXh1ZSBkaSBzdXJhYmF5YZIBDmljZV9jcmVhbV9zaG9w4AEA!16s%2Fg%2F11s8pkfbtc?hl=en;1;1
1399;mixue ice cream tea bratang;bratang gede 138 ngagelrejo wonokromo 60245;;;ID00410001326911122;;;3306;mixue ice cream tea bratang;bratang gede 138 ngagelrejo wonokromo 60245;;PQ24+G5 Ngagelrejo, Surabaya City, East Java;3.8;16;https://www.google.com/maps/place/Mixue+Ice+Cream+%26+Tea+-+Bratang/@-7.3094875,112.6644109,13z/data=!4m11!1m3!2m2!1smixue+di+surabaya!6e5!3m6!1s0x2dd7fb116ac4c20d:0xef3814910f29bbb5!8m2!3d-7.2986879!4d112.7554811!15sChFtaXh1ZSBkaSBzdXJhYmF5YVoTIhFtaXh1ZSBkaSBzdXJhYmF5YZIBDmljZV9jcmVhbV9zaG9w4AEA!16s%2Fg%2F11jzpjyxf6?hl=en;1;1
1187;spikoe resep kuno;rungkut madya 41 rungkut kidul rungkut 60293;35-3-0421-1060;8 April, 2021, 00:00;ID35310000189080421;25 November, 2021, 00:00;25 November, 2025, 00:00;3252;spikoe resep kuno;rungkut madya 41 rungkut kidul rungkut 60293;https://spikoeresepkuno.com/shop/;MQ9F+HP Rungkut Kidul, Surabaya City, East Java;4.6;4,648;https://www.google.com/maps/place/Spikoe+Resep+Kuno/@-7.3311105,112.7742819,17z/data=!3m1!4b1!4m6!3m5!1s0x2dd7fadb24005907:0x6675f4281aed51c0!8m2!3d-7.3311105!4d112.7742819!16s%2Fg%2F1pzttlhws?hl=en;1;1
1383;mixue ice cream tea karimun jawa;karimun jawa 5b gubeng gubeng 60281;;;ID00410001326911122;;;3323;mixue ice cream tea karimun jawa;karimun jawa 5b gubeng gubeng 60281;;PPGW+M5 Gubeng, Surabaya City, East Java;4.7;155;https://www.google.com/maps/place/Mixue+Ice+Cream+%26+Tea+-+Karimun+Jawa/@-7.2732674,112.6753936,13z/data=!4m11!1m3!2m2!1smixue+di+surabaya!6e5!3m6!1s0x2dd7fb0dd2b01a1b:0x4a51dac8a52012fd!8m2!3d-7.2732674!4d112.7454314!15sChFtaXh1ZSBkaSBzdXJhYmF5YVoTIhFtaXh1ZSBkaSBzdXJhYmF5YZIBDmljZV9jcmVhbV9zaG9w4AEA!16s%2Fg%2F11t177xm9d?hl=en;1;1
1393;mixue ice cream tea pandegiling;pandegiling 117 a dr soetomo tegalsari 60264;;;ID00410001326911122;;;3313;mixue ice cream tea pandegiling;pandegiling 117 a dr soetomo tegalsari 60264;;PPFP+G4 DR. Soetomo, Surabaya City, East Java;4;69;https://www.google.com/maps/place/Mixue+Ice+Cream+%26+Tea+-+Pandegiling/@-7.3094875,112.6644109,13z/data=!4m11!1m3!2m2!1smixue+di+surabaya!6e5!3m6!1s0x2dd7fbe0c53b2af3:0x7d5a67b27942795c!8m2!3d-7.2761599!4d112.735272!15sChFtaXh1ZSBkaSBzdXJhYmF5YVoTIhFtaXh1ZSBkaSBzdXJhYmF5YZIBEGJ1YmJsZV90ZWFfc3RvcmXgAQA!16s%2Fg%2F11s794ny_0?hl=en;1;1
1386;mixue ice cream tea karang menjangan;karang menjangan 117c mojo gubeng 60286;;;ID00410001326911122;;;3320;mixue ice cream tea karang menjangan;karang menjangan 117c mojo gubeng 60286;;PQG6+WM Mojo, Surabaya City, East Java;4.9;128;https://www.google.com/maps/place/Mixue+Ice+Cream+%26+Tea+-+Karang+Menjangan/@-7.2732674,112.6753936,13z/data=!4m11!1m3!2m2!1smixue+di+surabaya!6e5!3m6!1s0x2dd7fb2e1bf5eca1:0xa1314f61ae0c496b!8m2!3d-7.2726837!4d112.7616894!15sChFtaXh1ZSBkaSBzdXJhYmF5YVoTIhFtaXh1ZSBkaSBzdXJhYmF5YZIBDmljZV9jcmVhbV9zaG9w4AEA!16s%2Fg%2F11s8xgvzg1?hl=en;1;1
1408;mixue ice cream tea dukuh kupang;dukuh kupang xxv 49 dukuh kupang dukuhpakis 60225;;;ID00410001326911122;;;3297;mixue ice cream tea dukuh kupang;dukuh kupang xxv 49 dukuh kupang dukuhpakis 60225;https://www.instagram.com/mixuedk/;PP87+G4 Dukuh Kupang, Surabaya City, East Java;4.4;82;https://www.google.com/maps/place/Mixue+Ice+Cream+%26+Tea+-+Dukuh+Kupang/@-7.2788329,112.6957981,13z/data=!4m11!1m3!2m2!1smixue+di+surabaya!6e5!3m6!1s0x2dd7fd6bc606c04d:0x54a16feb7aee595!8m2!3d-7.2837127!4d112.7128185!15sChFtaXh1ZSBkaSBzdXJhYmF5YVoTIhFtaXh1ZSBkaSBzdXJhYmF5YZIBDmljZV9jcmVhbV9zaG9w4AEA!16s%2Fg%2F11t8b4_48n?hl=en;1;1
1396;mixue ice cream tea sukomanunggal;sukomanunggal b 254 tanjungsari sukomanunggal 60187;;;ID00410001326911122;;;3309;mixue ice cream tea sukomanunggal;sukomanunggal b 254 tanjungsari sukomanunggal 60187;;PMQV+M3 Tanjungsari, Surabaya City, East Java;4.5;33;https://www.google.com/maps/place/Mixue+Ice+Cream+%26+Tea+-+Sukomanunggal/@-7.3094875,112.6644109,13z/data=!4m11!1m3!2m2!1smixue+di+surabaya!6e5!3m6!1s0x2dd7fffb41f24cef:0x3ced60550bd431dd!8m2!3d-7.2607836!4d112.6927362!15sChFtaXh1ZSBkaSBzdXJhYmF5YVoTIhFtaXh1ZSBkaSBzdXJhYmF5YZIBEGJ1YmJsZV90ZWFfc3RvcmXgAQA!16s%2Fg%2F11tk47ncpc?hl=en;1;1
1358;bakso boedjangan manyar surabaya;raya manyar 85 menur pumpungan sukolilo 60118;;;ID00410001326911122;;31 March, 2022, 00:00;3099;bakso boedjangan manyar surabaya;raya manyar 85 menur pumpungan sukolilo 60118;https://instagram.com/baksoboedjangan_manyar?utm_medium=copy_link;PQ26+MW Menur Pumpungan, Surabaya City, East Java;4.2;4,129;https://www.google.com/maps/place/Bakso+Boedjangan+Manyar+Surabaya/@-7.2909429,112.7346665,16z/data=!4m10!1m2!2m1!1sbakso+boedjangan+surabaya!3m6!1s0x2dd7fbad28d21577:0xc1b39e2021cc81ae!8m2!3d-7.2983186!4d112.7622505!15sChliYWtzbyBib2VkamFuZ2FuIHN1cmFiYXlhIgOIAQGSARBiYWtzb19yZXN0YXVyYW504AEA!16s%2Fg%2F11f_p2l0jg?hl=en;1;1
1390;mixue ice cream tea semolowaru;nginden semolo 20 nginden jangkungan sukolilo 60118;;;ID00410001326911122;;;3316;mixue ice cream tea semolowaru;nginden semolo 20 nginden jangkungan sukolilo 60118;https://www.instagram.com/mixue.semolowaru/;PQ27+3J Ngenden Jangkungan, Surabaya City, East Java;4.3;233;https://www.google.com/maps/place/Mixue+Ice+Cream+%26+Tea+-+Semolowaru/@-7.3094875,112.6644109,13z/data=!4m11!1m3!2m2!1smixue+di+surabaya!6e5!3m6!1s0x2dd7fb8c65353023:0x479575c7dcaa7ee4!8m2!3d-7.2997518!4d112.7640878!15sChFtaXh1ZSBkaSBzdXJhYmF5YVoTIhFtaXh1ZSBkaSBzdXJhYmF5YZIBDmljZV9jcmVhbV9zaG9w4AEA!16s%2Fg%2F11t2rz588t?hl=en;1;1
1249;kopi kenangan royal plaza surabaya;royal plaza lg ahmad yani 16 18 wonokromo wonokromo 60231;;;;;6 October, 2022, 00:00;3074;kopi kenangan royal plaza surabaya;royal plaza lg ahmad yani 16 18 wonokromo wonokromo 60231;http://www.kopikenangan.com/;MPRM+6Q Wonokromo, Surabaya City, East Java;4.3;25;https://www.google.com/maps/place/Kopi+Kenangan+-+Royal+Plaza+Surabaya/@-7.3506092,112.6375535,12z/data=!4m10!1m2!2m1!1skopi+kenangan+surabaya!3m6!1s0x2dd7fbc92d058461:0x89d81f1f08a76d3d!8m2!3d-7.3094214!4d112.7344487!15sChZrb3BpIGtlbmFuZ2FuIHN1cmFiYXlhIgOIAQFaGCIWa29waSBrZW5hbmdhbiBzdXJhYmF5YZIBC2NvZmZlZV9zaG9w4AEA!16s%2Fg%2F11h9h5bmfb?hl=en;1;1
203;bellin bakery;sidosermo airdas a 12 sidosermo wonocolo 60239;35-1-0221-1068;17 February, 2021, 00:00;ID35110000198150221;25 November, 2021, 00:00;25 November, 2025, 00:00;3263;bellin bakery;sidosermo airdas a 12 sidosermo wonocolo 60239;https://bellinbakery.com/;MQM2+V9 Sidosermo, Surabaya City, East Java;5;39;https://www.google.com/maps/place/BELLIN+BAKERY/@-7.3152903,112.7422555,15z/data=!4m6!3m5!1s0x2dd7fbb13b891a61:0x5941fb0f42a42612!8m2!3d-7.3153117!4d112.7509888!16s%2Fg%2F11tg6q74vr?hl=en;1;1
1248;kopi kenangan ciputra world surabaya;ciputra world lg mayjen sungkono 89 gn sari dukuhpakis 60224;;;;;6 October, 2022, 00:00;3069;kopi kenangan ciputra world surabaya;ciputra world lg mayjen sungkono 89 gn sari dukuhpakis 60224;http://www.kopikenangan.com/;PP49+RM Gunung Sari, Surabaya City, East Java;4.4;24;https://www.google.com/maps/place/Kopi+Kenangan+-+Ciputra+World+Surabaya/@-7.3506092,112.6375535,12z/data=!4m10!1m2!2m1!1skopi+kenangan+surabaya!3m6!1s0x2dd7fb01e948d3b3:0x2af9bd5ccb1f484b!8m2!3d-7.2929259!4d112.7191295!15sChZrb3BpIGtlbmFuZ2FuIHN1cmFiYXlhIgOIAQFaGCIWa29waSBrZW5hbmdhbiBzdXJhYmF5YZIBC2NvZmZlZV9zaG9w4AEA!16s%2Fg%2F11h_4038mg?hl=en;1;1
1347;bakmi gm galaxy mall 3;galaxy mall 3 dr ir h soekarno 3 mulyorejo mulyorejo 60115;;;;;14 April, 2022, 00:00;3178;bakmi gm galaxy mall 3;galaxy mall 3 dr ir h soekarno 3 mulyorejo mulyorejo 60115;http://bakmigm.com/;PQFJ+C4 Mulyorejo, Surabaya City, East Java;4.5;396;https://www.google.com/maps/place/Bakmi+GM+Galaxy+Mall+3/@-7.3136272,112.6248977,13z/data=!4m10!1m2!2m1!1sbakmi+gm+surabaya!3m6!1s0x2dd7fb40a1af2ea1:0xdeae9e417b9939d7!8m2!3d-7.2764355!4d112.7803041!15sChFiYWttaSBnbSBzdXJhYmF5YSIDiAEBWhMiEWJha21pIGdtIHN1cmFiYXlhkgELbm9vZGxlX3Nob3DgAQA!16s%2Fg%2F11fl87yqbn?hl=en;1;1
1398;mixue ice cream tea sukolilo;semampir utara 62 rt 001 rw 01 medokan semampir sukolilo 60119;;;ID00410001326911122;;;3307;mixue ice cream tea sukolilo;semampir utara 62 rt 001 rw 01 medokan semampir sukolilo 60119;;MQWJ+2G Medokan Semampir, Surabaya City, East Java;4.6;42;https://www.google.com/maps/place/Mixue+Ice+Cream+%26+Tea+-+Sukolilo/@-7.3094875,112.6644109,13z/data=!4m11!1m3!2m2!1smixue+di+surabaya!6e5!3m6!1s0x2dd7fb9be1966f77:0x61d2e4cde4189515!8m2!3d-7.3049675!4d112.7813597!15sChFtaXh1ZSBkaSBzdXJhYmF5YVoTIhFtaXh1ZSBkaSBzdXJhYmF5YZIBDmljZV9jcmVhbV9zaG9w4AEA!16s%2Fg%2F11thhphwfh?hl=en;1;1
1375;gokana ramen teppan transmart rungkut;transmart rungkut raya kalirungkut 25 kali rungkut rungkut 60293;;;;;7/21/2022 0:00;2922;gokana ramen teppan transmart rungkut;transmart rungkut raya kalirungkut 25 kali rungkut rungkut 60293;http://www.gokanaresto.com/;MQHC+J4 Kali Rungkut, Surabaya City, East Java;4.2;464;https://www.google.com/maps/place/Gokana+Ramen+Teppan+TransMart+Rungkut/@-7.2890302,112.5883865,12z/data=!4m10!1m2!2m1!1sgokana+surabaya!3m6!1s0x2dd7fb1f30eebdaf:0xe2def69685fc476b!8m2!3d-7.320891!4d112.770359!15sCg9nb2thbmEgc3VyYWJheWFaESIPZ29rYW5hIHN1cmFiYXlhkgETamFwYW5lc2VfcmVzdGF1cmFudOABAA!16s%2Fg%2F11c6s1_lwq?hl=en;1;1
1400;mixue ice cream tea manukan;manukan tama 1 manukan kulon tandes 60185;;;ID00410001326911122;;;3305;mixue ice cream tea manukan;manukan tama 1 manukan kulon tandes 60185;;PMQ8+PX Manukan Kulon, Surabaya City, East Java;4.4;176;https://www.google.com/maps/place/Mixue+Ice+Cream+%26+Tea+-+Manukan/@-7.3094875,112.6644109,13z/data=!4m11!1m3!2m2!1smixue+di+surabaya!6e5!3m6!1s0x2dd7ff0a6877f171:0x894101baba6a306c!8m2!3d-7.2606955!4d112.6673951!15sChFtaXh1ZSBkaSBzdXJhYmF5YVoTIhFtaXh1ZSBkaSBzdXJhYmF5YZIBDmljZV9jcmVhbV9zaG9w4AEA!16s%2Fg%2F11t3_1tvkm?hl=en;1;1
1403;mixue ice cream tea raya dukuh kupang;raya dukuh kupang 47a putat jaya sawahan 60225;;;ID00410001326911122;;;3302;mixue ice cream tea raya dukuh kupang;raya dukuh kupang 47a putat jaya sawahan 60225;;PMQ8+PX Manukan Kulon, Surabaya City, East Java;4.4;176;https://www.google.com/maps/place/Mixue+Ice+Cream+%26+Tea+-+Manukan/@-7.3094875,112.6644109,13z/data=!4m11!1m3!2m2!1smixue+di+surabaya!6e5!3m6!1s0x2dd7ff0a6877f171:0x894101baba6a306c!8m2!3d-7.2606955!4d112.6673951!15sChFtaXh1ZSBkaSBzdXJhYmF5YVoTIhFtaXh1ZSBkaSBzdXJhYmF5YZIBDmljZV9jcmVhbV9zaG9w4AEA!16s%2Fg%2F11t3_1tvkm?hl=en;1;1
556;ichirank;rungkut asri barat 13 24 rungkut kidul rungkut 60293;35-1-1120-1517;19 November, 2020, 00:00;ID35110000098661120;22 June, 2021, 00:00;22 June, 2025, 00:00;3240;ichirank;rungkut asri barat 13 24 rungkut kidul rungkut 60293;;MQ9F+VH Rungkut Kidul, Surabaya City, East Java;;;https://www.google.com/maps/place/Ichirank/@-7.3302295,112.7652505,15z/data=!3m1!4b1!4m6!3m5!1s0x2dd7fba604e5a36d:0x3252b09a48ea99d9!8m2!3d-7.3302509!4d112.7739838!16s%2Fg%2F11jh96fwvp?hl=en;1;1
398;bandeng juwana;ngagel jaya utara 103 1 baratajaya gubeng 60284;SH2022-1-026832;29 June, 2022, 00:00;ID35110000409590622;1 July, 2022, 00:00;1 July, 2026, 00:00;3222;bandeng juwana;ngagel jaya utara 103 1 baratajaya gubeng 60284;http://www.bandengjuwana.id/;PQ65+CJ Baratajaya, Surabaya City, East Java;4.6;147;https://www.google.com/maps/place/BANDENG+JUWANA/@-7.28895,112.6890432,12z/data=!4m10!1m2!2m1!1sBandeng+Juwana!3m6!1s0x2dd7fbb42e6a0b73:0xd67664961e3ddfaa!8m2!3d-7.28895!4d112.759081!15sCg5CYW5kZW5nIEp1d2FuYSIDiAEBWhAiDmJhbmRlbmcganV3YW5hkgEFc3RvcmXgAQA!16s%2Fg%2F1tsq8649?hl=en;1;1
1397;mixue ice cream tea tambaksari;pacar keling 7 pacar keling tambaksari 60131;;;ID00410001326911122;;;3308;mixue ice cream tea tambaksari;pacar keling 7 pacar keling tambaksari 60131;;PQR3+QR Pacar Keling, Surabaya City, East Java;4.7;52;https://www.google.com/maps/place/Mixue+Ice+Cream+%26+Tea+-+Tambaksari/@-7.3094875,112.6644109,13z/data=!4m11!1m3!2m2!1smixue+di+surabaya!6e5!3m6!1s0x2dd7f949d25c77a5:0xd69e1446bf675f63!8m2!3d-7.2580502!4d112.7545339!15sChFtaXh1ZSBkaSBzdXJhYmF5YVoTIhFtaXh1ZSBkaSBzdXJhYmF5YZIBDmljZV9jcmVhbV9zaG9w4AEA!16s%2Fg%2F11s69syj6y?hl=en;1;1
1341;ayam nelongso dharmawangsa;dharmawangsa 94 airlangga gubeng 60286;;;;;6 January, 2023, 00:00;3194;ayam nelongso dharmawangsa;dharmawangsa 94 airlangga gubeng 60286;http://www.nelongso.com/;PQG4+FC Airlangga, Surabaya City, East Java;4.3;2,774;https://www.google.com/maps/place/Ayam+Nelongso+Dharmawangsa/@-7.3030292,112.7066486,13z/data=!4m10!1m2!2m1!1sayam+nelongso+surabaya!3m6!1s0x2dd7fba76a3f5a8f:0xb0a884324595d621!8m2!3d-7.273782!4d112.7561104!15sChZheWFtIG5lbG9uZ3NvIHN1cmFiYXlhIgOIAQFaGCIWYXlhbSBuZWxvbmdzbyBzdXJhYmF5YZIBEmNoaWNrZW5fcmVzdGF1cmFudJoBI0NoWkRTVWhOTUc5blMwVkpRMEZuU1VSck9EbElORmwzRUFF4AEA!16s%2Fg%2F11fhryf3p4?hl=en;1;1
1367;richeese factory manyar;manyar kertoarjo 59 mojo gubeng 60285;;;;;16 June, 2022, 00:00;2992;richeese factory manyar;manyar kertoarjo 59 mojo gubeng 60285;http://www.richeesefactory.com/;PQC9+2M Mojo, Surabaya City, East Java;4.5;3,140;https://www.google.com/maps/place/Richeese+Factory+Manyar/@-7.265198,112.7137331,14z/data=!4m10!1m2!2m1!1sricheese+surabaya!3m6!1s0x2dd7fb1b27856dd5:0x7e1b0f7aa214d18c!8m2!3d-7.2798857!4d112.7691802!15sChFyaWNoZWVzZSBzdXJhYmF5YSIDiAEBWhMiEXJpY2hlZXNlIHN1cmFiYXlhkgEUZmFzdF9mb29kX3Jlc3RhdXJhbnTgAQA!16s%2Fg%2F11gr094xg1?hl=en;1;1
1387;mixue ice cream tea ngagel;ngagel jaya 57 pucang sewu gubeng 60283;;;ID00410001326911122;;;3319;mixue ice cream tea ngagel;ngagel jaya 57 pucang sewu gubeng 60283;;PQ54+FC Pucang Sewu, Surabaya City, East Java;4.5;408;https://www.google.com/maps/place/Mixue+Ice+Cream+%26+Tea+-+Ngagel/@-7.2732674,112.6753936,13z/data=!4m11!1m3!2m2!1smixue+di+surabaya!6e5!3m6!1s0x2dd7fb7a1970999b:0xfdc37a7c6b2b26f!8m2!3d-7.2913233!4d112.7560165!15sChFtaXh1ZSBkaSBzdXJhYmF5YVoTIhFtaXh1ZSBkaSBzdXJhYmF5YZIBDmljZV9jcmVhbV9zaG9w4AEA!16s%2Fg%2F11q4cg6g7d?hl=en;1;1
1402;mixue ice cream tea ngagel rejo;ngagel rejo kidul 43 ngagelrejo wonokromo 60245;;;ID00410001326911122;;;3303;mixue ice cream tea ngagel rejo;ngagel rejo kidul 43 ngagelrejo wonokromo 60245;;PP3W+7H Ngagelrejo, Surabaya City, East Java;4.1;22;https://www.google.com/maps/place/Mixue+Ice+Cream+%26+Tea+-+Ngagel+Rejo/@-7.2788329,112.6957981,13z/data=!4m11!1m3!2m2!1smixue+di+surabaya!6e5!3m6!1s0x2dd7fb4395a8b5b5:0x19b2ad2726b99081!8m2!3d-7.2968285!4d112.7464236!15sChFtaXh1ZSBkaSBzdXJhYmF5YVoTIhFtaXh1ZSBkaSBzdXJhYmF5YZIBDmljZV9jcmVhbV9zaG9w4AEA!16s%2Fg%2F11sb3qhp92?hl=en;1;1
1394;mixue ice cream tea dharmahusada;dharmahusada 121 c mojo gubeng 60285;;;ID00410001326911122;;;3312;mixue ice cream tea dharmahusada;dharmahusada 121 c mojo gubeng 60285;;PQG4+QF Airlangga, Surabaya City, East Java;4.5;136;https://www.google.com/maps/place/Mixue+Dharmawangsa/@-7.255956,112.6491142,13z/data=!4m11!1m3!2m2!1smixue+di+surabaya!6e5!3m6!1s0x2dd7fb5ea7ffbea1:0x9f9c383f4b8903c9!8m2!3d-7.2730622!4d112.7561359!15sChFtaXh1ZSBkaSBzdXJhYmF5YVoTIhFtaXh1ZSBkaSBzdXJhYmF5YZIBDmljZV9jcmVhbV9zaG9w4AEA!16s%2Fg%2F11t62yzn28?hl=en;1;1
1412;mixue ice cream tea darmo indah;darmo indah timur eu 7 tandes 60187;;;ID00410001326911122;;;3291;mixue ice cream tea darmo indah;darmo indah timur eu 7 tandes 60187;https://www.instagram.com/mixue.darmoindah/;PMPP+7Q Tandes, Surabaya City, East Java;4.5;12;https://www.google.com/maps/place/Mixue+Ice+Cream+%26+Tea+-+Darmo+Indah/@-7.2828791,112.5910828,13z/data=!4m11!1m3!2m2!1smixue+di+surabaya!6e5!3m6!1s0x2dd7ffd5bb55cbe5:0x6e59e3a03e08f253!8m2!3d-7.2642517!4d112.6869913!15sChFtaXh1ZSBkaSBzdXJhYmF5YVoTIhFtaXh1ZSBkaSBzdXJhYmF5YZIBDmljZV9jcmVhbV9zaG9w4AEA!16s%2Fg%2F11shnpbw4m?hl=en;1;1
1389;mixue ice cream tea royal plaza;ahmad yani 16 18 wonokromo wonokromo 60243;;;ID00410001326911122;;;3317;mixue ice cream tea royal plaza;ahmad yani 16 18 wonokromo wonokromo 60243;;MPRM+6Q Wonokromo, Surabaya City, East Java;4.3;65;https://www.google.com/maps/place/Mixue+Ice+Cream+%26+Tea+Royal+Plaza/@-7.3094875,112.6644109,13z/data=!4m11!1m3!2m2!1smixue+di+surabaya!6e5!3m6!1s0x2dd7fb6f0689eb09:0x7a8681ef4ac544db!8m2!3d-7.3094875!4d112.7344487!15sChFtaXh1ZSBkaSBzdXJhYmF5YZIBGmZvb2RfYW5kX2JldmVyYWdlX2V4cG9ydGVy4AEA!16s%2Fg%2F11t4l_wqp1?hl=en;1;1
1355;a w plaza surabaya;plaza lantai 2 pemuda 33 37 embong kaliasin genteng 60271;;;;;16 March, 2023, 00:00;2905;a w plaza surabaya;plaza lantai 2 pemuda 33 37 embong kaliasin genteng 60271;;PPMX+W7 Embong Kaliasin, Surabaya City, East Java;4.2;165;https://www.google.com/maps/place/A%26W+-+Plaza+Surabaya/@-7.2644047,112.6783345,13z/data=!3m1!5s0x2dd7f9623be241d9:0x463d19fd38e47b6d!4m10!1m2!2m1!1sa%26w+surabaya!3m6!1s0x2dd7f962ebf00b1f:0x10c73241da5f81a1!8m2!3d-7.2651427!4d112.7481841!15sCgxhJncgc3VyYWJheWEiA4gBAVoOIgxhJncgc3VyYWJheWGSARRmYXN0X2Zvb2RfcmVzdGF1cmFudOABAA!16s%2Fg%2F1hm55dz2n?hl=en;1;1
1264;teman ngupi store;jemur wonosari gg modin 10d jemur wonosari wonocolo 60237;SH2021-1-018627;18 December, 2021, 00:00;ID35110000209701221;29 December, 2021, 00:00;29 December, 2025, 00:00;3258;teman ngupi store;gg modin 10d jemur wonosari wonocolo 60237;https://teman-ngupi.business.site/;MPHQ+J7 Jemur Wonosari, Surabaya City, East Java;5;4;https://www.google.com/maps/place/Teman+Ngupi+Store/@-7.320877,112.73819,17z/data=!3m1!4b1!4m6!3m5!1s0x2dd7fb6cda8d544d:0x2ea7ac09a80f50d1!8m2!3d-7.320877!4d112.73819!16s%2Fg%2F11g9m50trx?hl=en;1;1
1362;cfc grand city mall surabaya;grand city ketabang genteng 60272;;;;;17 November, 2022, 00:00;2890;cfc grand city mall surabaya;grand city ketabang genteng 60272;;PQQ2+95 Ketabang, Surabaya City, East Java;2;11;https://www.google.com/maps/place/CFC+Grand+City+Mall+Surabaya/@-7.2597398,112.6740025,13z/data=!4m11!1m3!2m2!1stempat+makan+di+surabaya+timur!6e5!3m6!1s0x2dd7f9b79d89feb7:0xe8f46de258d0bfb5!8m2!3d-7.2615886!4d112.7504172!15sCh50ZW1wYXQgbWFrYW4gZGkgc3VyYWJheWEgdGltdXJaICIedGVtcGF0IG1ha2FuIGRpIHN1cmFiYXlhIHRpbXVykgEKcmVzdGF1cmFudOABAA!16s%2Fg%2F11fq6m5h6c?hl=en;1;1
1421;mixue ice cream tea pakuwon mall;pakuwon trade centre lantai 1 fc 032a mayjend jonosewojo babatan wiyung 60216;;;ID00410001326911122;;;3277;mixue ice cream tea pakuwon mall;pakuwon trade centre lantai 1 fc 032a mayjend jonosewojo babatan wiyung 60227 60216;https://www.instagram.com/mixuepakuwonmall/?hl=id;PMCP+9P Pradahkalikendal, Surabaya City, East Java;3.3;8;https://www.google.com/maps/place/Mixue+Ice+Cream+%26+Tea+-+Pakuwon+Mall/@-7.2849713,112.6243386,13z/data=!4m11!1m3!2m2!1smixue+di+surabaya!6e5!3m6!1s0x2dd7fd464f26e49b:0x4820a5d32b292e77!8m2!3d-7.279094!4d112.6868598!15sChFtaXh1ZSBkaSBzdXJhYmF5YVoTIhFtaXh1ZSBkaSBzdXJhYmF5YZIBDmljZV9jcmVhbV9zaG9w4AEA!16s%2Fg%2F11s9z4l7bk?hl=en;0.961538462;1
99;the dapoer 31;perumahan griya amerta j 20 medokan ayu rungkut 60295;SH2021-1-011167;24 October, 2021, 00:00;ID35110000208441021;18 January, 2022, 00:00;18 January, 2026, 00:00;3267;the dapoer 31;perumahan griya amerta j 20 medokan ayu rungkut city 60295;;MRJ5+95 Medokan Ayu, Surabaya City, East Java;5;7;https://www.google.com/maps/place/The+dapoer+31/@-7.3190563,112.8079545,17z/data=!4m6!3m5!1s0x2dd7fb98014f4019:0x2f3f5c1222cdb96e!8m2!3d-7.3190563!4d112.8079545!16s%2Fg%2F11qpf7f2rg?hl=en;0.95;1
732;box kopi;ngagel jaya utara 20 pucang sewu gubeng;SH2022-1-074817;17 October, 2022, 00:00;ID35110000687921022;1 December, 2022, 00:00;1 December, 2026, 00:00;3232;box kopi;ngagel jaya utara 20 pucang sewu gubeng 60283;https://instagram.com/boxkopi.sby?igshid=YmMyMTA2M2Y=;PQ63+8J Pucang Sewu, Surabaya City, East Java;5;1;https://www.google.com/maps/place/BOX+KOPI/@-7.285013,112.732038,13z/data=!4m10!1m2!2m1!1sBOX+KOPI!3m6!1s0x2dd7fb85981b3531:0x7d84f178e8a6aa62!8m2!3d-7.289211!4d112.7541195!15sCghCT1ggS09QSVoKIghib3gga29waZIBC2NvZmZlZV9zaG9w4AEA!16s%2Fg%2F11tjllknf5?hl=en;0.9375;1
544;hevn cake;simpang darmo permai utara 30 lontar sambikerep;SH2022-1-056495;19 September, 2022, 00:00;ID35110000940260922;19 December, 2022, 00:00;19 December, 2026, 00:00;3201;hevn cake;simpang darmo permai utara 30 lontar sambikerep 60226;http://www.hevncake.com/;PMCM+Q2 Lontar, Surabaya City, East Java;4;50;https://www.google.com/maps/place/Hevn+Cake/@-7.2780103,112.6780524,17z/data=!3m1!4b1!4m6!3m5!1s0x2dd7fd845c4dcfb9:0x6390d73bdf95226a!8m2!3d-7.2780156!4d112.6825371!16s%2Fg%2F11gmccrk4z?hl=en;0.9375;1
1405;mixue ice cream tea tenggilis;raya tenggilis mejoyo 4 kali rungkut rungkut 60293;;;ID00410001326911122;;;3300;mixue ice cream tea tenggilis;raya tenggilis mejoyo 4 kali rungkut rungkut city 60293;;MQH7+M7 Kali Rungkut, Surabaya City, East Java;4.6;85;https://www.google.com/maps/place/Mixue+Ice+Cream+%26+Tea+-+Tenggilis/@-7.2788329,112.6957981,13z/data=!4m11!1m3!2m2!1smixue+di+surabaya!6e5!3m6!1s0x2dd7fb9160ff0f3b:0x4dd1640ce70a813d!8m2!3d-7.3207739!4d112.7631408!15sChFtaXh1ZSBkaSBzdXJhYmF5YVoTIhFtaXh1ZSBkaSBzdXJhYmF5YZIBDmljZV9jcmVhbV9zaG9w4AEA!16s%2Fg%2F11tdrld6qr?hl=en;0.9375;1
354;dapur kesuma;wisma medokan utara 1 b5 medokan ayu rungkut;SH2022-1-038161;24 August, 2022, 00:00;ID35110001141770822;29 December, 2022, 00:00;29 December, 2026, 00:00;3203;dapur kesuma;wisma medokan utara 1 b5 medokan ayu rungkut 60295;;MQHV+RV Medokan Ayu, Surabaya City, East Java;5;1;https://www.google.com/maps/place/Dapur+Kesuma/@-7.3203808,112.7925388,17z/data=!3m1!4b1!4m6!3m5!1s0x2dd7fb4b3a1ebfb9:0x4def39ce3c0e19e4!8m2!3d-7.3203861!4d112.7947275!16s%2Fg%2F11sb97pqv6?hl=en;0.9375;1
104;dimsum e manan;tuban 1 48 jepara bubutan 60171;SH2022-1-018269;21 June, 2022, 00:00;ID35210000744170622;22 November, 2022, 00:00;22 November, 2026, 00:00;3264;dimsum e manan;nomer tuban 1 48 jepara bubutan 60171;;QP6F+76 Jepara, Surabaya City, East Java;4.7;11;https://www.google.com/maps/place/Dimsum+E+Manan/@-7.2393388,112.7143292,15z/data=!3m1!4b1!4m6!3m5!1s0x2dd7f931bbb8a45f:0xc2fe9cf9345b7f2f!8m2!3d-7.2393602!4d112.7230625!16s%2Fg%2F11cly76rn2?hl=en;0.928571429;1
1379;mixue ice cream tea tidar;ruko tidar mas square a9 nan;;;ID00410001326911122;;;3327;mixue ice cream tea tidar;ruko tidar mas square a9;;;4.6;416;https://www.google.com/maps/place/Mixue+Ice+Cream+%26+Tea+-+Tidar/@-7.3218869,112.7107423,13z/data=!4m11!1m3!2m2!1smixue+di+surabaya!6e5!3m6!1s0x2dd7f9dec38eef41:0xffd071b9f819f233!8m2!3d-7.255956!4d112.719152!15sChFtaXh1ZSBkaSBzdXJhYmF5YVoTIhFtaXh1ZSBkaSBzdXJhYmF5YZIBDmljZV9jcmVhbV9zaG9w4AEA!16s%2Fg%2F11pvvcfcf9?hl=en;0.916666667;1
1414;mixue ice cream tea upn rungkut madya;rungkut madya 213 medokan ayu rungkut nan;;;ID00410001326911122;;;3287;mixue ice cream tea upn rungkut madya;rungkut madya 213 medokan ayu rungkut;;MQ9Q+67 Medokan Ayu, Surabaya City, East Java;4.3;42;https://www.google.com/maps/place/MIXUE+Ice+Cream+%26+Tea+-+UPN+Rungkut+Madya/@-7.256069,112.6634622,13z/data=!4m11!1m3!2m2!1smixue+di+surabaya!6e5!3m6!1s0x2dd7fb8ca5f281f9:0xbc6c661907ccb550!8m2!3d-7.3319521!4d112.7882022!15sChFtaXh1ZSBkaSBzdXJhYmF5YVoTIhFtaXh1ZSBkaSBzdXJhYmF5YZIBDmljZV9jcmVhbV9zaG9w4AEA!16s%2Fg%2F11sbhkqcg9?hl=en;0.916666667;1
1361;burger king wiyung;citraland vittorio wiyung babatan wiyung 60227;;;;;31 March, 2023, 00:00;3094;burger king wiyung;citraland vittorio wiyung babatan wiyung city 60227;https://bkdelivery.co.id/;MMQM+CR Babatan, Surabaya City, East Java;4.6;2,279;https://www.google.com/maps/place/Burger+King+Wiyung/@-7.2634157,112.7041891,14z/data=!3m1!5s0x2dd7f960abfb9c05:0x2e6464fae9c89bc9!4m10!1m2!2m1!1sburger+king+surabaya!3m6!1s0x2dd7fd9ad425937f:0x6c9cd55eae342bd0!8m2!3d-7.3114653!4d112.684541!15sChRidXJnZXIga2luZyBzdXJhYmF5YSIDiAEBWhYiFGJ1cmdlciBraW5nIHN1cmFiYXlhkgEUaGFtYnVyZ2VyX3Jlc3RhdXJhbnTgAQA!16s%2Fg%2F11hf1nrrlb?hl=en;0.916666667;1
1343;ayam nelongso wijaya kusuma;dukuh kupang 20 10a dukuh kupang dukuhpakis 60225;;;;;6 January, 2023, 00:00;2023;ayam goreng nelongso wijaya kusuma;dukuh kupang 20 10a dukuh kupang dukuhpakis 60225;http://www.nelongso.com/;;4.2;1,603;https://www.google.com/maps/place/Ayam+Goreng+Nelongso+Wijaya+Kusuma/@-7.3030292,112.7066486,13z/data=!4m10!1m2!2m1!1sayam+nelongso+surabaya!3m6!1s0x2dd7fb504f105559:0xea4f4c941d6809cf!8m2!3d-7.2818333!4d112.7154668!15sChZheWFtIG5lbG9uZ3NvIHN1cmFiYXlhIgOIAQFaGCIWYXlhbSBuZWxvbmdzbyBzdXJhYmF5YZIBCnJlc3RhdXJhbnSaASRDaGREU1VoTk1HOW5TMFZKUTBGblNVTjVNM1pYUldsUlJSQULgAQA!16s%2Fg%2F11f6gj338f?hl=en;0.9;1
1359;burger king basuki rahmat surabaya;pert darmo park 1 bl 4 b 3 60256 embong kaliasin genteng 60271;;;;;31 March, 2023, 00:00;3096;burger king basuki rahmat;pert darmo park 1 bl 4 b 3 60256 embong kaliasin genteng 60271;https://bkdelivery.co.id/;PPPR+4X Embong Kaliasin, Surabaya City, East Java;4.6;1,667;https://www.google.com/maps/place/Burger+King+Basuki+Rahmat/@-7.2649714,112.7130539,14z/data=!4m10!1m2!2m1!1sburger+king+surabaya!3m6!1s0x2dd7f9f3c95604fd:0x8e12334dde05eaeb!8m2!3d-7.2647301!4d112.7423782!15sChRidXJnZXIga2luZyBzdXJhYmF5YSIDiAEBWhYiFGJ1cmdlciBraW5nIHN1cmFiYXlhkgEUaGFtYnVyZ2VyX3Jlc3RhdXJhbnTgAQA!16s%2Fg%2F11fswbs__b?hl=en;0.9;1
1360;burger king merr;dr ir h soekarno kedung baruk rungkut 60298;;;;;31 March, 2023, 00:00;3092;burger king merr;mqmj 4gv dr ir h soekarno kedung baruk rungkut 60298;http://bkdelivery.co.id/;;4.5;4,576;https://www.google.com/maps/place/Burger+King+-+MERR/@-7.3114653,112.6495221,14z/data=!4m10!1m2!2m1!1sburger+king+surabaya!3m6!1s0x2dd7fbf95bbecceb:0x1e82e72847851187!8m2!3d-7.3171333!4d112.7813081!15sChRidXJnZXIga2luZyBzdXJhYmF5YSIDiAEBWhYiFGJ1cmdlciBraW5nIHN1cmFiYXlhkgEUaGFtYnVyZ2VyX3Jlc3RhdXJhbnTgAQA!16s%2Fg%2F11gnq9cdkw?hl=en;0.9;1
1346;bakmi gm tunjungan plaza 6;tunjungan plaza 6 lt 5 kedungdoro tegalsari 60261;;;;;14 April, 2022, 00:00;3179;bakmi gm tunjungan plaza;tunjungan plaza 6 lt 5 kedungdoro tegalsari 60261;http://www.bakmigm.com/;PPQQ+54 Kedungdoro, Surabaya City, East Java;4.5;2,516;https://www.google.com/maps/place/Bakmi+GM+Tunjungan+Plaza/@-7.3136272,112.6248977,13z/data=!4m10!1m2!2m1!1sbakmi+gm+surabaya!3m6!1s0x2dd7f95df027ebdf:0xd806c269a2c9b952!8m2!3d-7.2620014!4d112.7378657!15sChFiYWttaSBnbSBzdXJhYmF5YSIDiAEBWhMiEWJha21pIGdtIHN1cmFiYXlhkgELbm9vZGxlX3Nob3DgAQA!16s%2Fg%2F11f110vdyj?hl=en;0.9;1
1368;richeese factory rungkut;rungkut madya 61 rungkut kidul rungkut 60293;;;;;16 June, 2022, 00:00;2987;richeese factory rungkut madya;rungkut madya 61 rungkut kidul rungkut 60293;https://richeesefactory.com/;MQ9G+G9 Rungkut Kidul, Surabaya City, East Java;4.4;2,864;https://www.google.com/maps/place/Richeese+Factory+Rungkut+Madya/@-7.2892973,112.6426966,14z/data=!4m10!1m2!2m1!1sricheese+surabaya!3m6!1s0x2dd7fb6ac28652fb:0x3837414d71b546a7!8m2!3d-7.3311904!4d112.7759465!15sChFyaWNoZWVzZSBzdXJhYmF5YSIDiAEBWhMiEXJpY2hlZXNlIHN1cmFiYXlhkgEUZmFzdF9mb29kX3Jlc3RhdXJhbnTgAQA!16s%2Fg%2F11gj7670t4?hl=en;0.875;1
1345;ayam nelongso siwalankerto;siwalankerto 88 siwalankerto wonocolo 60234;;;;;6 January, 2023, 00:00;3187;ayam goreng nelongso siwalankerto;siwalankerto 88 siwalankerto wonocolo 60234;https://instagram.com/ayamnelongso.surabaya;MP6M+89 Siwalankerto, Surabaya City, East Java;4.2;545;https://www.google.com/maps/place/Ayam+Goreng+Nelongso+Siwalankerto/@-7.2818333,112.645429,13z/data=!4m10!1m2!2m1!1sayam+nelongso+surabaya!3m6!1s0x2e78827f4b0acfd9:0xd74312523be3ab63!8m2!3d-7.3391489!4d112.7333904!15sChZheWFtIG5lbG9uZ3NvIHN1cmFiYXlhIgOIAQFaGCIWYXlhbSBuZWxvbmdzbyBzdXJhYmF5YZIBFmZyaWVkX2NoaWNrZW5fdGFrZWF3YXmaASRDaGREU1VoTk1HOW5TMFZKUTBGblNVTTJiV05MTkRGQlJSQULgAQA!16s%2Fg%2F11b700k2j9?hl=en;0.875;1
1348;bakmi gm graha family;mayjen yono suwoyo babatan wiyung 60227;;;;;14 April, 2022, 00:00;3177;bakmi gm graha family;pm3g wgf mayjen yono suwoyo babatan wiyung 60227;http://www.bakmigm.com/;;4.4;2,793;https://www.google.com/maps/place/Bakmi+GM+Graha+Family/@-7.2764355,112.7102663,13z/data=!4m10!1m2!2m1!1sbakmi+gm+surabaya!3m6!1s0x2dd7fc4928453deb:0x282fcf3493c2492d!8m2!3d-7.2951877!4d112.6763073!15sChFiYWttaSBnbSBzdXJhYmF5YSIDiAEBWhMiEWJha21pIGdtIHN1cmFiYXlhkgELbm9vZGxlX3Nob3DgAQA!16s%2Fg%2F11g88h8tfg?hl=en;0.875;1
1018;pizza haq;kendangsari b 10 kendangsari tenggilis mejoyo;SH2022-1-008224;22 May, 2022, 00:00;ID35110000372210522;15 July, 2022, 00:00;15 July, 2026, 00:00;3117;pizza haq;kendangsari ykp b 10 kendangsari tenggilis mejoyo 60292;https://pizzahut.co.id/;MPJX+PF Kendangsari, Surabaya City, East Java;5;6;https://www.google.com/maps/place/Pizza+Haq/@-7.3181625,112.7442103,17z/data=!3m1!4b1!4m6!3m5!1s0x2dd7fd95bd9549a5:0x4601e3c98c8f591a!8m2!3d-7.3181678!4d112.748695!16s%2Fg%2F11jm4n2wg6?hl=en;0.857142857;1
1416;mixue ice cream tea wiyung;raya wiyung babatan wiyung 60227;;;ID00410001326911122;;;3285;mixue ice cream tea wiyung;mmqj qvq raya wiyung babatan wiyung 60227;;;4.4;96;https://www.google.com/maps/place/Mixue+Ice+Cream+%26+Tea+-+Wiyung/@-7.2385027,112.6754665,13z/data=!4m11!1m3!2m2!1smixue+di+surabaya!6e5!3m6!1s0x2dd7fdb639ef6ddf:0xbeb5589b6291036f!8m2!3d-7.3105423!4d112.6822394!15sChFtaXh1ZSBkaSBzdXJhYmF5YVoTIhFtaXh1ZSBkaSBzdXJhYmF5YZIBDmljZV9jcmVhbV9zaG9w4AEA!16s%2Fg%2F11t6vmtbwy?hl=en;0.833333333;1
1252;starbucks coffee gubeng;raya gubeng 33 rt 002 rw 06 gubeng gubeng 60281;;;;;2 March, 2023, 00:00;2983;starbucks gubeng;raya gubeng 33 rt 002 rw 06 gubeng gubeng 60281;http://www.starbucks.co.id/;PPHX+5H Gubeng, Surabaya City, East Java;4.7;2,911;https://www.google.com/maps/place/Starbucks+Gubeng/@-7.2617157,112.6131754,12z/data=!4m10!1m2!2m1!1sstarbucks+surabaya!3m6!1s0x2dd7fba29012fdc3:0xece3ccc170770453!8m2!3d-7.2721094!4d112.7489293!15sChJzdGFyYnVja3Mgc3VyYWJheWEiA4gBAVoUIhJzdGFyYnVja3Mgc3VyYWJheWGSAQtjb2ZmZWVfc2hvcOABAA!16s%2Fg%2F11g1pg5n8h?hl=en;0.833333333;1
937;ngastina;bawean 20 ngagel wonokromo 60275;SH2022-1-005921;20 April, 2022, 00:00;ID35110000499080422;7 October, 2022, 00:00;7 October, 2026, 00:00;3224;ngastina;bawean 20 ngagel wonokromo 60246;;PPCW+VQ Ngagel, Surabaya City, East Java;4.5;125;https://www.google.com/maps/place/Ngastina/@-7.2778304,112.7382415,15z/data=!4m6!3m5!1s0x2dd7fb5f047d8075:0x728d490336f0e6d7!8m2!3d-7.2778518!4d112.7469748!16s%2Fg%2F11p62395sm?hl=en;0.833333333;1
1354;pizza hut delta plaza;plaza pemuda 33 37 embong kaliasin genteng 60271;;;;;30 March, 2023, 00:00;1434;pizza hut restoran delta plaza surabaya;plaza pemuda 33 37 embong kaliasin genteng 60271;https://www.pizzahut.co.id/;PPPX+58 Embong Kaliasin, Surabaya City, East Java;4.6;1603;https://www.google.com/maps/place/Pizza+Hut+Restoran+-+Delta+Plaza+Surabaya/@-7.2919018,112.6996859,13z/data=!4m11!1m3!2m2!1srestoran+di+surabaya+tengah!6e5!3m6!1s0x2dd7f962f152a7ed:0xe7018a82b431cd12!8m2!3d-7.2645777!4d112.7483724!15sChtyZXN0b3JhbiBkaSBzdXJhYmF5YSB0ZW5nYWhaHSIbcmVzdG9yYW4gZGkgc3VyYWJheWEgdGVuZ2FokgEQcGl6emFfcmVzdGF1cmFudJoBI0NoWkRTVWhOTUc5blMwVkpRMEZuU1VOWk16WkhMVkZCRUFF4AEA!16s%2Fg%2F1tly68g1?hl=en;0.833333333;1
403;dimsum mbledos;dr ir h soekarno 53 kalijudan mulyorejo 60114;SH2021-1-003310;2 August, 2021, 00:00;ID00110000180270821;3 November, 2021, 00:00;3 November, 2025, 00:00;3269;dimsum mbledos merr;dr ir h soekarno 53 kalijudan mulyorejo 60114;https://dimsummbledos.id/;PQRM+53 Kalijudan, Surabaya City, East Java;4.4;5,460;https://www.google.com/maps/place/Dimsum+Mbledos+Merr/@-7.2595399,112.7805019,17z/data=!3m1!4b1!4m6!3m5!1s0x2dd7f98c76b11215:0x28b75e5050f13585!8m2!3d-7.2595452!4d112.7826906!16s%2Fg%2F11b6v6j4gj?hl=en;0.833333333;1
325;aisya catering wedding;kebonsari 3 28 kebonsari jambangan 60233;35-2-1120-1024;11 February, 2020, 00:00;ID35220000076870220;3 June, 2021, 11:23;3 June, 2025, 11:23;1856;aisya catering wedding;dan kebonsari 3 28 raya kebonsari 18 kebonsari jambangan 60233;https://kateringaisya.com/;MPF6+4R Kebonsari, Surabaya City, East Java;4.9;935;https://www.google.com/maps/place/Aisya+Catering+Wedding/@-7.264435,112.6616653,13z/data=!4m10!1m2!2m1!1skatering+di+surabaya+pusat!3m6!1s0x2dd7fc9f0863a339:0x6fd885facc531c1e!8m2!3d-7.3271511!4d112.7120595!15sChprYXRlcmluZyBkaSBzdXJhYmF5YSBwdXNhdFocIhprYXRlcmluZyBkaSBzdXJhYmF5YSBwdXNhdJIBEGNhdGVyaW5nX3NlcnZpY2WaASRDaGREU1VoTk1HOW5TMFZKUTBGblNVTmxjVGhNTTJ0blJSQULgAQA!16s%2Fg%2F11bwyddq2v?hl=en;0.8125;1
148;astin brownies cookies;ngaglik baru 3 23 kapasari genteng;SH2022-1-056297;19 September, 2022, 00:00;ID35110000555780922;11 November, 2022, 00:00;11 November, 2026, 00:00;3212;dapur astin brownies cookies;ngaglik baru 3 23 kapasari genteng 60273;https://dapurastin.business.site/?utm_source=gmb&utm_medium=referral;PQX2+MR Kapasari, Surabaya City, East Java;5;6;https://www.google.com/maps/place/Dapur+Astin+Brownies+%26+Cookies/@-7.250809,112.7498233,17z/data=!3m1!4b1!4m6!3m5!1s0x2dd7f973260877a1:0xfb26ea0618af3ffc!8m2!3d-7.2508143!4d112.752012!16s%2Fg%2F11h07mx9pm?hl=en;0.803571429;1
993;pangsit mie ayam kak rus;perumahan gunung sari indah ww 21 60223;SH2021-1-012996;29 October, 2021, 00:00;ID35110000240741021;21 March, 2022, 00:00;21 March, 2026, 00:00;3228;pangsit mie ayam kak rus;ww perumahan gn sari indah 21 kedurus karangpilang 60223;;MPH3+V9 Kedurus, Surabaya City, East Java;4.6;11;https://www.google.com/maps/place/Pangsit+Mie+Ayam+Kak+Rus/@-7.3202532,112.6947175,15z/data=!4m6!3m5!1s0x2e7882715e290469:0x261dd93f3f495a16!8m2!3d-7.3202746!4d112.7034508!16s%2Fg%2F11f04bydw8?hl=en;0.8;1
1369;roti o dtc surabaya;darmo trade center jagir wonokromo jagir wonokromo 60244;;;;;6 October, 2022, 00:00;2956;roti o dtc wonokromo;darmo trade center jagir wonokromo jagir wonokromo 60244;;MPXQ+26 Jagir, Surabaya City, East Java;4;1;https://www.google.com/maps/place/Roti+O+-+DTC+Wonokromo/@-7.2531727,112.5968904,11z/data=!4m11!1m3!2m2!1sroti+o+surabaya!6e2!3m6!1s0x2dd7fb24987a1d8d:0x149ac690ad4759bb!8m2!3d-7.3023866!4d112.7381218!15sCg9yb3RpIG8gc3VyYWJheWFaESIPcm90aSBvIHN1cmFiYXlhkgEGYmFrZXJ54AEA!16s%2Fg%2F11q1lbkbn0?hl=en;0.8;1
1385;mixue ice cream kapas krampung;kapas krampung 97b rangkah tambaksari 60135;;;ID00410001326911122;;;3321;mixue kapas krampung;kapas krampung 97b rangkah tambaksari 60135;;;4.5;273;https://www.google.com/maps/place/Mixue+Kapas+Krampung/@-7.2732674,112.6753936,13z/data=!4m11!1m3!2m2!1smixue+di+surabaya!6e5!3m6!1s0x2dd7f9263a4a5d2b:0x4f0c9e15ab14c2d8!8m2!3d-7.2501376!4d112.7646702!15sChFtaXh1ZSBkaSBzdXJhYmF5YVoTIhFtaXh1ZSBkaSBzdXJhYmF5YZIBDmljZV9jcmVhbV9zaG9w4AEA!16s%2Fg%2F11rtvk24t7?hl=en;0.8;1
538;guri ramen mulyosari;mulyosari 92 kalisari mulyorejo nan;00-1-0420-1049;17 April, 2020, 00:00;ID00120000083340420;10 June, 2021, 00:00;10 June, 2025, 00:00;3243;guri ramen mulyosari;raya mulyosari 92 kalisari mulyorejo 60112;https://linktr.ee/tepanindonesia;PQPW+Q5 Kalisari, Surabaya City, East Java;4.5;405;https://www.google.com/maps/place/Guri+Ramen+Mulyosari/@-7.2631248,112.7954006,17z/data=!4m6!3m5!1s0x2dd7f9f634350c61:0x9f310a0e9dbc4d86!8m2!3d-7.2631248!4d112.7954006!16s%2Fg%2F11hbsq6hys?hl=en;0.785714286;1
161;aykitchen;wonorejo selatan 4 122 wonorejo rungkut;SH2022-1-034913;17 July, 2022, 00:00;ID35110001137410722;29 December, 2022, 00:00;29 December, 2026, 00:00;3210;aykitchen;wonorejo sel 4 122 wonorejo rungkut 60296;https://aykitchen.business.site/;MQMX+FM Wonorejo, Surabaya City, East Java;4;1;https://www.google.com/maps/place/AyKitchen/@-7.3162955,112.7946772,17z/data=!3m1!4b1!4m6!3m5!1s0x2dd7fb28282a7863:0x65eb9c43d3f38bfc!8m2!3d-7.3163008!4d112.7991619!16s%2Fg%2F11f724tdg9?hl=en;0.785714286;1
291;carpentier kitchen;untung suropati 83 dr soetomo tegalsari;SH2022-1-121424;24 November, 2022, 00:00;ID35110001109781122;27 December, 2022, 00:00;27 December, 2026, 00:00;1634;carpentier kitchen;untung suropati 83 tegalsari 60264;;PP8P+3H DR. Soetomo, Surabaya City, East Java;4.6;2222;https://www.google.com/maps/place/Carpentier+Kitchen/@-7.293172,112.686164,14z/data=!4m11!1m3!2m2!1srestoran+di+surabaya+barat!6e5!3m6!1s0x2dd7fbea561d0f9d:0x351791d80fe14db3!8m2!3d-7.2848529!4d112.736497!15sChpyZXN0b3JhbiBkaSBzdXJhYmF5YSBiYXJhdFocIhpyZXN0b3JhbiBkaSBzdXJhYmF5YSBiYXJhdJIBBGNhZmXgAQA!16s%2Fg%2F11bw5wkt42?hl=en;0.785714286;1
1363;cfc pasar atom;mall ps atum bunguran 45 bongkaran pabean cantikan 60161;;;;;17 November, 2022, 00:00;3085;cfc atom;mall ps atum bunguran 45 bongkaran pabean cantikan city 60161;http://www.cfcindonesia.com/;QP5V+8P Bongkaran, Surabaya City, East Java;4;4;https://www.google.com/maps/place/CFC+Atom/@-7.2615886,112.7153983,14z/data=!4m10!1m2!2m1!1scfc+surabaya!3m6!1s0x2dd7f958482c1de7:0xafcd0eea34083fd!8m2!3d-7.241747!4d112.7442815!15sCgxjZmMgc3VyYWJheWEiA4gBAVoOIgxjZmMgc3VyYWJheWGSARRmYXN0X2Zvb2RfcmVzdGF1cmFudOABAA!16s%2Fg%2F11f6g5grff?hl=en;0.783333333;1
1374;gokana ramen teppan delta plaza;plaza pemuda 33 37 embong kaliasin genteng 60271;;;;;7/21/2022 0:00;2926;gokana ramen teppan plaza surabaya;plaza pemuda 33 37 embong kaliasin genteng city 60271;;PPPX+3C Embong Kaliasin, Surabaya City, East Java;3.4;53;https://www.google.com/maps/place/Gokana+Ramen+%26+Teppan+-+Plaza+Surabaya/@-7.2890302,112.5883865,12z/data=!3m1!5s0x2dd7f9623be241d9:0x565a4b2fd4071dbb!4m10!1m2!2m1!1sgokana+surabaya!3m6!1s0x2dd7f9603b0bb569:0xd64f415f028957d3!8m2!3d-7.264771!4d112.748614!15sCg9nb2thbmEgc3VyYWJheWFaESIPZ29rYW5hIHN1cmFiYXlhkgETamFwYW5lc2VfcmVzdGF1cmFudOABAA!16s%2Fg%2F11h2n1xsg6?hl=en;0.777777778;1
349;dapur flamboyan;bendul merisi gg 1 sel 23 rt rw bendul merisi wonocolo;SH2022-1-088578;31 October, 2022, 00:00;ID35110001089481022;20 December, 2022, 00:00;20 December, 2026, 00:00;3204;dapur flamboyan;bendul merisi gg 1 selatan 23 bendul merisi wonocolo 60244;;MPQR+H8 Bendul Merisi, Surabaya City, East Java;5;1;https://www.google.com/maps/place/Dapur+Flamboyan/@-7.3111146,112.7363175,17z/data=!3m1!4b1!4m6!3m5!1s0x2dd7fbcc5637ea4f:0xf86ce28cb802b15!8m2!3d-7.3111199!4d112.7408022!16s%2Fg%2F11j1j3smvx?hl=en;0.772727273;1
1420;mixue ice cream tea bg junction;lantai ug upper ground c oc1 oc2 bubutan 1 7 bubutan bubutan 60174;;;ID00410001326911122;;;3276;mixue bg junction;lantai ug upper ground c oc1 oc2 bubutan 1 7 bubutan bubutan 60174;;PPWM+36 Bubutan, Surabaya City, East Java;4.3;6;https://www.google.com/maps/place/Mixue+BG+Junction/@-7.2849713,112.6243386,13z/data=!4m11!1m3!2m2!1smixue+di+surabaya!6e5!3m6!1s0x2dd7f9e791a4f2e1:0x795761b2a3ffad3e!8m2!3d-7.2547722!4d112.7330883!15sChFtaXh1ZSBkaSBzdXJhYmF5YVoTIhFtaXh1ZSBkaSBzdXJhYmF5YZIBDmljZV9jcmVhbV9zaG9w4AEA!16s%2Fg%2F11tn2rv2fp?hl=en;0.75;1
1371;roti o kazacity surabaya;kaza city kapas krampung tambakrejo simokerto 60133;;;;;6 October, 2022, 00:00;2950;roti o;kaza city kapas krampung tambakrejo simokerto 60133;;;QQ25+MC Tambakrejo, Surabaya City, East Java;4.1;25;https://www.google.com/maps/place/Roti'o/@-7.2531727,112.5968904,11z/data=!4m11!1m3!2m2!1sroti+o+surabaya!6e2!3m6!1s0x2dd7f974f50f5453:0x1bc6cce37deebab7!8m2!3d-7.248351!4d112.758576!15sCg9yb3RpIG8gc3VyYWJheWFaESIPcm90aSBvIHN1cmFiYXlhkgEGYmFrZXJ54AEA!16s%2Fg%2F11b6tx78ts?hl=en;1
767;kuweh surabaya;menur 38 60286;SH2021-1-009828;17 October, 2021, 00:00;ID35110000174871021;16 December, 2021, 00:00;16 December, 2025, 00:00;3231;kuweh surabaya;raya menur 38 airlangga gubeng 60286;https://instabio.cc/Kuwehsurabaya;PQC6+HR Airlangga, Surabaya City, East Java;4.7;134;https://www.google.com/maps/place/Kuweh+Surabaya/@-7.2785349,112.7620869,17z/data=!3m1!4b1!4m6!3m5!1s0x2dd7fb9e00b0b5c5:0x18a25eb3db125d00!8m2!3d-7.2785349!4d112.7620869!16s%2Fg%2F11fp3hvgk8?hl=en;0.75;1
1366;richeese factory ahmad yani;ahmad yani 288 dukuh menanggal gayungan 60234;;;;;16 June, 2022, 00:00;2986;richeese factory;ahmad yani 288 dukuh menanggal gayungan 60234;http://richeesefactory.com/;;4.4;1,139;https://www.google.com/maps/place/Richeese+Factory/@-7.3311904,112.7409276,14z/data=!3m1!5s0x2dd7fb4d834ab321:0x2339c254a5a19c42!4m10!1m2!2m1!1sricheese+surabaya!3m6!1s0x2dd7fb4d87de6f5d:0x9b6e0e9a24adcdff!8m2!3d-7.3451646!4d112.7285174!15sChFyaWNoZWVzZSBzdXJhYmF5YSIDiAEBWhMiEXJpY2hlZXNlIHN1cmFiYXlhkgEUZmFzdF9mb29kX3Jlc3RhdXJhbnTgAQA!16s%2Fg%2F11b6sk6v7p?hl=en;0.75;1
1388;mixue ice cream tea ptc surabaya;puncak indah raya lontar 2 babatan wiyung 60216;;;ID00410001326911122;;;3318;mixue ptc surabaya;puncak indah raya lontar 2 babatan wiyung 60216;;PM5F+WQ Babatan, Surabaya City, East Java;5;2;https://www.google.com/maps/place/Mixue+PTC+Surabaya/@-7.2901559,112.6044295,13z/data=!4m11!1m3!2m2!1smixue+di+surabaya!6e5!3m6!1s0x2dd7fd3b9313a00f:0x3085c9cffe18f5e6!8m2!3d-7.2901559!4d112.6744673!15sChFtaXh1ZSBkaSBzdXJhYmF5YVoTIhFtaXh1ZSBkaSBzdXJhYmF5YZIBDmljZV9jcmVhbV9zaG9w4AEA!16s%2Fg%2F11ts28wr2g?hl=en;0.75;1
102;ayam guling lambeh;griya babatan mukti m 23 babatan wiyung 60227;SH2022-1-006065;21 April, 2022, 00:00;ID35110000744450422;22 November, 2022, 00:00;22 November, 2026, 00:00;3265;ayam guling lambeh;griya babatan 2 m 23 rt 003 rw 07 babatan wiyung 60227;;MMQG+26 Babatan, Surabaya City, East Java;5;1;https://www.google.com/maps/place/Ayam+Guling+Lambeh/@-7.3124028,112.6755848,17z/data=!3m1!4b1!4m6!3m5!1s0x2dd7fd933cdc18a9:0x7c715c77e8dd81bb!8m2!3d-7.3124028!4d112.6755848!16s%2Fg%2F11t5drnhft?hl=en;0.75;1
1247;chatime darmo surabaya;darmo 99 darmo wonokromo nbsp darmo wonokromo 60241;;;;;10 March, 2022, 00:00;3028;chatime darmo;darmo 99 darmo wonokromo nbsp darmo wonokromo city 60241;;;;;;0.75;1
1381;mixue ice cream tea plaza surabaya;lt 4 plaza pemuda embong kaliasin genteng 60271;;;ID00410001326911122;;;3325;mixue plaza surabaya;lt 4 plaza pemuda embong kaliasin genteng 60271;;PPPX+48 Embong Kaliasin, Surabaya City, East Java;3.1;7;https://www.google.com/maps/place/Mixue+Plaza+Surabaya/@-7.255956,112.6491142,13z/data=!4m11!1m3!2m2!1smixue+di+surabaya!6e5!3m6!1s0x2dd7f916586d2e8f:0x3838235c6f174a57!8m2!3d-7.264687!4d112.7483317!15sChFtaXh1ZSBkaSBzdXJhYmF5YVoTIhFtaXh1ZSBkaSBzdXJhYmF5YZIBDmljZV9jcmVhbV9zaG9w4AEA!16s%2Fg%2F11sf62w1r6?hl=en;0.75;1
1251;starbucks coffee jemursari surabaya;jemursari tim 2 jemur wonosari wonocolo 60237;;;;;2 March, 2023, 00:00;2972;starbucks jemursari;jemursari tim 2 jemur wonosari wonocolo 60237;http://www.starbucks.co.id/;MPHW+HF Jemur Wonosari, Surabaya City, East Java;4.7;890;https://www.google.com/maps/place/Starbucks+Jemursari/@-7.2617157,112.6131754,12z/data=!4m10!1m2!2m1!1sstarbucks+surabaya!3m6!1s0x2dd7fb9e59f4ddb1:0xd6fd6f61732588fe!8m2!3d-7.3211005!4d112.7462006!15sChJzdGFyYnVja3Mgc3VyYWJheWEiA4gBAVoUIhJzdGFyYnVja3Mgc3VyYWJheWGSAQtjb2ZmZWVfc2hvcOABAA!16s%2Fg%2F11j7vjrs7x?hl=en;0.75;1
1293;ummaria;kebonsari 2 12 kebonsari jambangan 60233;SH2021-1-015801;25 November, 2021, 00:00;ID35110000397951121;8 March, 2022, 00:00;8 March, 2026, 00:00;3260;kebab ummaria;kebonsari 2 12 kebonsari jambangan 60233;https://kebab-ummaria.business.site/;MPF6+HG Kebonsari, Surabaya City, East Java;5;1;https://www.google.com/maps/place/KEBAB+UMMARIA/@-7.332395,112.7051229,16z/data=!4m10!1m2!2m1!1sUmmaria!3m6!1s0x2dd7fd5d1546abed:0x21d93ba13af1a212!8m2!3d-7.326018!4d112.711318!15sCgdVbW1hcmlhWgkiB3VtbWFyaWGSAQprZWJhYl9zaG9w4AEA!16s%2Fg%2F11fjvdxpvs?hl=en;0.75;1
1297;urban wagyu;opak 50 darmo wonokromo 60241;SH2022-1-034546;13 July, 2022, 00:00;ID35110001321010722;26 January, 2023, 00:00;26 January, 2027, 00:00;3261;urban wagyu steakhouse opak;opak 50 darmo wonokromo 60241;http://urbanwagyu.com/;PP7M+G7 Darmo, Surabaya City, East Java;4.6;2,162;https://www.google.com/maps/place/Urban+Wagyu+Steakhouse+-+Opak/@-7.2861573,112.7332403,17z/data=!3m1!4b1!4m6!3m5!1s0x2dd7fb3c2ad14d17:0x18c6ac1d0ea5ddf5!8m2!3d-7.2861573!4d112.7332403!16s%2Fg%2F11fmbdlm1y?hl=en;0.75;1
1372;wendy s grand city;grand city mall walikota mustajab ketabang genteng 60272;;;;;4/14/2022 0:00;2931;wendy s;grand city mall walikota mustajab ketabang genteng 60272;https://wendys.com/;PQQ2+68 Ketabang, Surabaya City, East Java;4.3;48;https://www.google.com/maps/place/Wendy's/@-7.2743212,112.7471391,14z/data=!4m10!1m2!2m1!1swendys+surabaya!3m6!1s0x2dd7f96356746f59:0x11d704beee7387bc!8m2!3d-7.2619299!4d112.7507795!15sCg93ZW5keXMgc3VyYWJheWEiA4gBAVoRIg93ZW5keXMgc3VyYWJheWGSARRmYXN0X2Zvb2RfcmVzdGF1cmFudOABAA!16s%2Fg%2F11b6sx353z?hl=en;0.75;1
1423;mixue ice cream tea gayungsari 1215;gayungsari bar 10 41 gayungan gayungan 60235;;;ID00410001326911122;;;3279;mixue gayungsari 1215;gayungsari bar 10 41 gayungan gayungan 60235;;MP78+3X Gayungan, Surabaya City, East Java;3.7;35;https://www.google.com/maps/place/Mixue+Gayungsari+1215/@-7.2849713,112.6243386,13z/data=!4m11!1m3!2m2!1smixue+di+surabaya!6e5!3m6!1s0x2dd7fb463d2b35c7:0x57fb2bed86e97854!8m2!3d-7.3373299!4d112.717441!15sChFtaXh1ZSBkaSBzdXJhYmF5YVoTIhFtaXh1ZSBkaSBzdXJhYmF5YZIBBGNhZmXgAQA!16s%2Fg%2F11tnj02q_w?hl=en;0.75;1
946;nita cake cookies;lakarsantri iiia 5 lakarsantri lakarsantri 60211;35-1-0421-1228;22 April, 2021, 00:00;ID35110000088630421;3 June, 2021, 00:00;3 June, 2025, 00:00;3226;nita cake cookies;lakarsantri 3 a 5 lakarsantri lakarsantri 60211;;MJXJ+FM Lakarsantri, Surabaya City, East Java;5;6;https://www.google.com/maps/place/Nita+cake+%26+cookies/@-7.3012335,112.6229615,15z/data=!4m6!3m5!1s0x2dd7fd4090da1fb5:0x4680883fdd27ccab!8m2!3d-7.3012549!4d112.6316948!16s%2Fg%2F11lj37vwgk?hl=en;0.75;1
1391;mixue ice cream tea kupang jaya;kupang jaya 1 33 sonokwijenan sukomanunggal 60189;;;ID00410001326911122;;;3315;mixue kupang jaya;kupang jaya 1 33 sonokwijenan sukomanunggal 60189;;PPF4+Q9 Sonokwijenan, Surabaya City, East Java;4.2;84;https://www.google.com/maps/place/Mixue+-+Kupang+Jaya/@-7.3094875,112.6644109,13z/data=!4m11!1m3!2m2!1smixue+di+surabaya!6e5!3m6!1s0x2dd7fd71a246d73d:0xa5400fbfa232e235!8m2!3d-7.2755667!4d112.7058928!15sChFtaXh1ZSBkaSBzdXJhYmF5YVoTIhFtaXh1ZSBkaSBzdXJhYmF5YZIBDmljZV9jcmVhbV9zaG9w4AEA!16s%2Fg%2F11s53br0_q?hl=en;0.75;1
629;joana cookie;darmo indah selatan 8 ff 26 rt 004 rw 005 karangpoh tandes 60186;SH2022-1-129675;2 December, 2022, 00:00;ID35110001299681222;12 January, 2023, 00:00;;3200;joana cookie;darmo indah selatan 8 ff karangpoh tandes 60188;https://joana-cookie.business.site/;PMMH+WW Karangpoh, Surabaya City, East Java;;;https://www.google.com/maps/place/Joana+Cookie/@-7.2652265,112.6753581,17z/data=!3m1!4b1!4m6!3m5!1s0x2dd7ff9ca14ca01f:0x3f3faa77cbb9e9ee!8m2!3d-7.2652318!4d112.6798428!16s%2Fg%2F11f5mvjc07?hl=en;0.75;1
1401;mixue ice cream tea manyar kertoarjo;manyar kertoarjo 5 57 mojo gubeng 60285;;;ID00410001326911122;;;3304;mixue manyar kertoarjo;manyar kertoarjo 5 57 mojo gubeng 60285;;PQC8+F8 Mojo, Surabaya City, East Java;4.7;26;https://www.google.com/maps/place/Mixue+Manyar+Kertoarjo/@-7.2788329,112.6957981,13z/data=!4m11!1m3!2m2!1smixue+di+surabaya!6e5!3m6!1s0x2dd7fb78696a0663:0x86f0036ef10cf87e!8m2!3d-7.2788329!4d112.7658359!15sChFtaXh1ZSBkaSBzdXJhYmF5YVoTIhFtaXh1ZSBkaSBzdXJhYmF5YZIBEGJ1YmJsZV90ZWFfc3RvcmXgAQA!16s%2Fg%2F11jsyvwxl2?hl=en;0.75;1
1013;pempek ny kamto;royal plaza ahmad yani 16 18 wonokromo 60231;SH2022-1-044678;7 September, 2022, 00:00;ID35110000501040922;18 October, 2022, 00:00;18 October, 2026, 00:00;3249;pempek ny kamto royal plaza;royal plaza ahmad yani 16 18 wonokromo city 60231;;MPRM+9W Wonokromo, Surabaya City, East Java;4.3;17;https://www.google.com/maps/place/Pempek+Ny.+Kamto+Royal+Plaza/@-7.2630336,112.6410633,12z/data=!4m10!1m2!2m1!1sPempek+Ny.+Kamto!3m6!1s0x2dd7fbc640765523:0xdda6ad24c453e07c!8m2!3d-7.3090037!4d112.7348363!15sChBQZW1wZWsgTnkuIEthbXRvWhEiD3BlbXBlayBueSBrYW10b5IBEXBlbXBla19yZXN0YXVyYW504AEA!16s%2Fg%2F11qm23dh4p?hl=en;0.744444444;1
187;bang zoel;sarpawisesa 44 ujung semampir;SH2022-1-032096;30 June, 2022, 00:00;ID35110000767310622;13 December, 2022, 00:00;13 December, 2026, 00:00;3209;bang zoel kedai;sarpawisesa 44 ujung semampir 60155;;QQQ4+CX Ujung, Surabaya City, East Java;5;1;https://www.google.com/maps/place/Bang+Zoel+Kedai/@-7.2114477,112.7552543,17z/data=!3m1!4b1!4m6!3m5!1s0x2dd7f96e4ef45f53:0x1630772a0b73dee1!8m2!3d-7.211453!4d112.757443!16s%2Fg%2F11lgm1b816?hl=en;0.733333333;1
1342;ayam nelongso mulyosari;raya mulyosari kalisari mulyorejo 60113;;;;;6 January, 2023, 00:00;3191;ayam goreng nelongso mulyosari;pqmw 5h7 raya mulyosari kalisari mulyorejo 60113;;;4.3;2,761;https://www.google.com/maps/place/Ayam+Goreng+Nelongso+Mulyosari/@-7.3030292,112.7066486,13z/data=!4m10!1m2!2m1!1sayam+nelongso+surabaya!3m6!1s0x2dd7fa1d06048f47:0x9864d6fae8ec9365!8m2!3d-7.2670825!4d112.7964347!15sChZheWFtIG5lbG9uZ3NvIHN1cmFiYXlhIgOIAQFaGCIWYXlhbSBuZWxvbmdzbyBzdXJhYmF5YZIBFmZyaWVkX2NoaWNrZW5fdGFrZWF3YXmaASRDaGREU1VoTk1HOW5TMFZKUTBGblNVUkRiRzgyVlRoUlJSQULgAQA!16s%2Fg%2F11f1hh08hr?hl=en;0.732142857;1
1419;mixue ice cream tea citraland bukit palma;ruko palma galeria ra2 11 sememi benowo 60198;;;ID00410001326911122;;;3273;mixue citraland bukit palma;ruko palma galeria ra2 11 sememi benowo city 60198;;PJQP+6G Sememi, Surabaya City, East Java;4.3;70;https://www.google.com/maps/place/MIXUE+Citraland+Bukit+Palma/@-7.2849713,112.6243386,13z/data=!4m11!1m3!2m2!1smixue+di+surabaya!6e5!3m6!1s0x2dd7ffd5c934b8e3:0xfff0f22729e90869!8m2!3d-7.2619043!4d112.6363367!15sChFtaXh1ZSBkaSBzdXJhYmF5YVoTIhFtaXh1ZSBkaSBzdXJhYmF5YZIBDmljZV9jcmVhbV9zaG9w4AEA!16s%2Fg%2F11tndw9bmk?hl=en;0.73015873;1
1418;mixue ice cream tea darmo permai;raya darmo permai 1 57a pradahkalikendal dukuhpakis 60226;;;ID00410001326911122;;;3272;mixue damai darmo permai;raya darmo permai 1 57a pradahkalikendal dukuhpakis 60226;http://han-indonesia.com/mixue/register.html;PM9W+CF Pradahkalikendal, Surabaya City, East Java;4.9;58;https://www.google.com/maps/place/Mixue+Damai+(Darmo+Permai)/@-7.2619043,112.5662989,13z/data=!4m11!1m3!2m2!1smixue+di+surabaya!6e5!3m6!1s0x2dd7fd85bf86e18d:0x2477cc2ff0584634!8m2!3d-7.281418!4d112.6961483!15sChFtaXh1ZSBkaSBzdXJhYmF5YVoTIhFtaXh1ZSBkaSBzdXJhYmF5YZIBDmljZV9jcmVhbV9zaG9w4AEA!16s%2Fg%2F11k9j3fs2d?hl=en;0.714285714;1
1253;outlet es teler 77 royal plaza surabaya;royal plaza ahmad yani 16 18 wonokromo wonokromo 60243;;;;;14 April, 2022, 00:00;2933;es teler 77;royal plaza ahmad yani 16 18 wonokromo wonokromo 60243;http://www.esteler77.com/;MPRM+7P Wonokromo, Surabaya City, East Java;4.2;143;https://www.google.com/maps/place/Es+Teler+77/@-7.2614307,112.7035273,14z/data=!4m10!1m2!2m1!1ses+teler+77+surabaya!3m6!1s0x2dd7fb7595258b2b:0x6f95ac50f3d4cd4d!8m2!3d-7.3093007!4d112.734288!15sChRlcyB0ZWxlciA3NyBzdXJhYmF5YSIDiAEBWhYiFGVzIHRlbGVyIDc3IHN1cmFiYXlhkgEVaW5kb25lc2lhbl9yZXN0YXVyYW504AEA!16s%2Fg%2F1hf35mlcg?hl=en;0.714285714;1
147;asmara spikoe;kalilom lor timur 1b 5 60129;SH2022-1-007242;13 May, 2022, 00:00;ID35110000267390522;8 July, 2022, 00:00;8 July, 2026, 00:00;3213;asmara spikoe;kalilom lor timur gg ib 5 tanah kali kedinding kenjeran 60129;;QQGM+6C Tanah Kali Kedinding, Surabaya City, East Java;5;4;https://www.google.com/maps/place/Asmara+spikoe/@-7.2244321,112.7791196,17z/data=!3m1!4b1!4m6!3m5!1s0x2dd7f92b47951797:0x4f9f270cef002686!8m2!3d-7.2244374!4d112.7836043!16s%2Fg%2F11pyk7l_ld?hl=en;0.708333333;1
1380;mixue ice cream tea dharmawangsa;dharmawangsa 82a airlangga gubeng 60286;;;ID00410001326911122;;;3326;mixue dharmawangsa;dharmawangsa 82a airlangga gubeng 60286;;PQG4+QF Airlangga, Surabaya City, East Java;4.5;136;https://www.google.com/maps/place/Mixue+Dharmawangsa/@-7.255956,112.6491142,13z/data=!4m11!1m3!2m2!1smixue+di+surabaya!6e5!3m6!1s0x2dd7fb5ea7ffbea1:0x9f9c383f4b8903c9!8m2!3d-7.2730622!4d112.7561359!15sChFtaXh1ZSBkaSBzdXJhYmF5YVoTIhFtaXh1ZSBkaSBzdXJhYmF5YZIBDmljZV9jcmVhbV9zaG9w4AEA!16s%2Fg%2F11t62yzn28?hl=en;0.7;1
1415;mixue ice cream tea kapasan;kapasan 210b sidodadi simokerto 60141;;;ID00410001326911122;;;3286;mixue kapasan;kapasan 210b sidodadi simokerto 60141;;;4.3;64;https://www.google.com/maps/place/MIXUE+-+Kapasan/@-7.3319521,112.7181644,13z/data=!4m11!1m3!2m2!1smixue+di+surabaya!6e5!3m6!1s0x2dd7f9572397526f:0x70d171e73110fd87!8m2!3d-7.2385027!4d112.7455043!15sChFtaXh1ZSBkaSBzdXJhYmF5YVoTIhFtaXh1ZSBkaSBzdXJhYmF5YZIBDmljZV9jcmVhbV9zaG9w4AEA!16s%2Fg%2F11s7rb33l2?hl=en;0.7;1
1407;mixue ice cream tea margorejo;margorejo indah 8 jemur wonosari wonocolo 60238;;;ID00410001326911122;;;3298;mixue margorejo;margorejo indah 8 jemur wonosari wonocolo 60238;;MPMP+79 Jemur Wonosari, Surabaya City, East Java;5;10;https://www.google.com/maps/place/Mixue+Margorejo/@-7.2788329,112.6957981,13z/data=!4m11!1m3!2m2!1smixue+di+surabaya!6e5!3m6!1s0x2dd7fbf2da42872f:0x149205677d550772!8m2!3d-7.3168508!4d112.7359958!15sChFtaXh1ZSBkaSBzdXJhYmF5YVoTIhFtaXh1ZSBkaSBzdXJhYmF5YZIBDmljZV9jcmVhbV9zaG9w4AEA!16s%2Fg%2F11k9myk7n3?hl=en;0.7;1
1424;mixue ice cream tea bronggalan;bronggalan 10a pacar kembang tambaksari 60133;;;ID00410001326911122;;;3282;mixue bronggalan;bronggalan 10a pacar kembang tambaksari 60133;;PQR7+VV Pacar Kembang, Surabaya City, East Java;5;10;https://www.google.com/maps/place/Mixue+Bronggalan/@-7.2601375,112.70476,13z/data=!4m11!1m3!2m2!1smixue+di+surabaya!6e5!3m6!1s0x2dd7f9482b498ab7:0x141a82a2dcf3ebad!8m2!3d-7.2578327!4d112.7646586!15sChFtaXh1ZSBkaSBzdXJhYmF5YVoTIhFtaXh1ZSBkaSBzdXJhYmF5YZIBDmljZV9jcmVhbV9zaG9w4AEA!16s%2Fg%2F11k9n_63zg?hl=en;0.7;1
1410;mixue ice cream tea jemursari;raya jemursari 329 prapen tenggilis mejoyo 60299;;;ID00410001326911122;;;3293;mixue jemursari;raya jemursari 329 prapen tenggilis mejoyo 60299;;MQQ5+W6 Prapen, Surabaya City, East Java;4.4;42;https://www.google.com/maps/place/Mixue+Jemursari/@-7.2788329,112.6957981,13z/data=!4m11!1m3!2m2!1smixue+di+surabaya!6e5!3m6!1s0x2dd7fb3b390bcb45:0xb0d8f8132e821f1c!8m2!3d-7.3101897!4d112.7580109!15sChFtaXh1ZSBkaSBzdXJhYmF5YVoTIhFtaXh1ZSBkaSBzdXJhYmF5YZIBDmljZV9jcmVhbV9zaG9w4AEA!16s%2Fg%2F11thcrfz8d?hl=en;0.7;1
1417;mixue ice cream tea kalijudan;kalijudan 42 rw 02 kalijudan mulyorejo 60114;;;;;;3284;mixue kalijudan;kalijudan 42 rw 02 kalijudan mulyorejo 60114;;PQQF+WW Kalijudan, Surabaya City, East Java;3.7;3;https://www.google.com/maps/place/Mixue+Kalijudan/@-7.2601375,112.70476,13z/data=!4m11!1m3!2m2!1smixue+di+surabaya!6e5!3m6!1s0x2dd7f97b6bdb4dc5:0xce5c1df9ee027bab!8m2!3d-7.2601375!4d112.7747978!15sChFtaXh1ZSBkaSBzdXJhYmF5YVoTIhFtaXh1ZSBkaSBzdXJhYmF5YZIBDmljZV9jcmVhbV9zaG9w4AEA!16s%2Fg%2F11jz1fdmq9?hl=en;0.7;1
1373;wendy s galaxy mall surabaya;galaxy mall 2 dharmahusada indah timur 35 37 mulyorejo mulyorejo 60115;;;;;4/14/2022 0:00;2929;wendy s;galaxy mall 2 dharmahusada indah timur 35 37 mulyorejo mulyorejo 60115;http://www.wendys.co.id/;PQGJ+3Q Mulyorejo, Surabaya City, East Java;4.3;198;https://www.google.com/maps/place/Wendy's/@-7.2619299,112.7157606,14z/data=!4m10!1m2!2m1!1swendys+surabaya!3m6!1s0x2dd7fba9a64dead9:0x488e0f02f4b911d6!8m2!3d-7.2748136!4d112.7819927!15sCg93ZW5keXMgc3VyYWJheWEiA4gBAVoRIg93ZW5keXMgc3VyYWJheWGSARRmYXN0X2Zvb2RfcmVzdGF1cmFudOABAA!16s%2Fg%2F1hc37v94j?hl=en;0.7;1
980;orlando pizza surabaya;bulak rukem timur 2f 31 bulak bulak 60124;35-1-0521-1142;21 May, 2021, 00:00;ID35110000204280521;1 October, 2021, 00:00;1 October, 2025, 00:00;3227;orlando pizza surabaya;bulak rukem timur 1 1 2 depan makam bulak 60124;https://orlandopizzasurabaya.business.site/?utm_source=gmb&utm_medium=referral;QQ8G+5J Bulak, Surabaya City, East Java;4.9;85;https://www.google.com/maps/place/Orlando+Pizza+Surabaya/@-7.234618,112.776564,17z/data=!3m1!4b1!4m6!3m5!1s0x2dd7f91eba4d85a5:0x201af16da8a2273c!8m2!3d-7.234618!4d112.776564!16s%2Fg%2F11hd9r7s3v?hl=en;0.7;1
1413;mixue ice cream tea kranggan;kranggan 27 rt 006 rw 09 sawahan sawahan 60251;;;ID00410001326911122;;;3290;mixue kranggan;kranggan 27 rt 006 rw 09 sawahan sawahan 60251;;PPVM+H9 Sawahan, Surabaya City, East Java;4.9;77;https://www.google.com/maps/place/Mixue+Kranggan/@-7.256069,112.6634622,13z/data=!4m11!1m3!2m2!1smixue+di+surabaya!6e5!3m6!1s0x2dd7f9af583ec8b1:0xad499b739cedffb2!8m2!3d-7.256069!4d112.7335!15sChFtaXh1ZSBkaSBzdXJhYmF5YVoTIhFtaXh1ZSBkaSBzdXJhYmF5YZIBDmljZV9jcmVhbV9zaG9w4AEA!16s%2Fg%2F11sc419b1z?hl=en;0.7;1
1422;mixue ice cream tea siwalankerto;siwalankerto 8 aa4 60234;;;ID00410001326911122;;;3278;mixue siwalankerto;siwalankerto 8 aa4 60234;;MP5P+V3 Dukuh Menanggal, Surabaya City, East Java;4.7;26;https://www.google.com/maps/place/Mixue+Siwalankerto/@-7.2849713,112.6243386,13z/data=!4m11!1m3!2m2!1smixue+di+surabaya!6e5!3m6!1s0x2dd7fbcd2d2d8519:0xd3b7d40a8eac4abc!8m2!3d-7.3403393!4d112.7351902!15sChFtaXh1ZSBkaSBzdXJhYmF5YVoTIhFtaXh1ZSBkaSBzdXJhYmF5YZIBDmljZV9jcmVhbV9zaG9w4AEA!16s%2Fg%2F11k4vpbyc4?hl=en;0.7;1
1392;mixue ice cream tea klampis;klampis jaya 25c klampis ngasem sukolilo 60116;;;ID00410001326911122;;;3314;mixue klampis;klampis jaya 25c klampis ngasem sukolilo 60116;;PQ7G+M8 Klampis Ngasem, Surabaya City, East Java;4.6;113;https://www.google.com/maps/place/Mixue+Klampis/@-7.3094875,112.6644109,13z/data=!4m11!1m3!2m2!1smixue+di+surabaya!6e5!3m6!1s0x2dd7fb8b87ad861d:0x2a44742760a49586!8m2!3d-7.2857804!4d112.7758578!15sChFtaXh1ZSBkaSBzdXJhYmF5YVoTIhFtaXh1ZSBkaSBzdXJhYmF5YZIBDmljZV9jcmVhbV9zaG9w4AEA!16s%2Fg%2F11s38csh6n?hl=en;0.7;1
1395;mixue ice cream tea ambengan;ambengan 22 ketabang genteng 60272;;;ID00410001326911122;;;3310;mixue ambengan;ambengan 22 ketabang genteng 60272;https://en.mxbc.com/;PPVX+G3 Ketabang, Surabaya City, East Java;4.7;53;https://www.google.com/maps/place/MIXUE+Ambengan/@-7.3094875,112.6644109,13z/data=!4m11!1m3!2m2!1smixue+di+surabaya!6e5!3m6!1s0x2dd7f9eb4fa6548b:0xc6a67c37b03ad0b3!8m2!3d-7.2561268!4d112.7476704!15sChFtaXh1ZSBkaSBzdXJhYmF5YVoTIhFtaXh1ZSBkaSBzdXJhYmF5YZIBDmljZV9jcmVhbV9zaG9w4AEA!16s%2Fg%2F11jt573js0?hl=en;0.7;1
1261;outlet maxx coffee siloam surabaya;lobby rs siloam raya gubeng 70 gubeng gubeng 60281;;;;;11 August, 2022, 00:00;2174;maxx coffee;lobby rs siloam raya gubeng 70 gubeng gubeng 60281;http://maxx-coffee.com/;PPGW+9H Gubeng, Surabaya City, East Java;4.4;24;https://www.google.com/maps/place/MAXX+Coffee/@-7.2848,112.7012961,14z/data=!4m11!1m3!2m2!1scafe+di+surabaya+utara!6e5!3m6!1s0x2dd7fb8ff931994f:0xd7773fac9d5f04b5!8m2!3d-7.274066!4d112.746449!15sChZjYWZlIGRpIHN1cmFiYXlhIHV0YXJhWhgiFmNhZmUgZGkgc3VyYWJheWEgdXRhcmGSAQRjYWZl4AEA!16s%2Fg%2F11c2kkdnb0?hl=en;0.7;1
1378;mixue ice cream tea merr;dr ir h soekarno 416 a kedung baruk rungkut 60298;;;ID00410001326911122;;;3328;mixue merr;dr ir h soekarno 416 a kedung baruk rungkut 60298;;MQHJ+68 Kedung Baruk, Surabaya City, East Java;4.6;591;https://www.google.com/maps/place/Mixue+Merr/@-7.283272,112.6175213,13z/data=!4m11!1m3!2m2!1smixue+di+surabaya!6e5!3m6!1s0x2dd7fb4beb569c09:0x8568a0118e4389f7!8m2!3d-7.3218869!4d112.7807801!15sChFtaXh1ZSBkaSBzdXJhYmF5YVoTIhFtaXh1ZSBkaSBzdXJhYmF5YZIBDmljZV9jcmVhbV9zaG9w4AEA!16s%2Fg%2F11pklsb94y?hl=en;0.7;1
633;js pizza;genteng sidomulyo 11 rt 3 rw 6 genteng genteng;SH2022-1-014798;14 June, 2022, 00:00;ID35110000434690622;28 September, 2022, 00:00;28 September, 2026, 00:00;3199;js pizza;genteng sidomulyo 11 genteng genteng 60275;https://jspizza.business.site/;PPVR+77 Genteng, Surabaya City, East Java;4.9;15;https://www.google.com/maps/place/JS+PIZZA/@-7.256814,112.7385335,17z/data=!3m1!4b1!4m6!3m5!1s0x2dd7f9687454f84f:0xaef6781d40df6c4e!8m2!3d-7.2568193!4d112.7407222!16s%2Fg%2F11f3n3wf40?hl=en;0.6875;1
1240;wong jowo;prima kebraon 5 24 kebraon karangpilang;SH2022-1-013180;10 June, 2022, 00:00;ID35110000515090622;1 November, 2022, 00:00;1 November, 2026, 00:00;3257;wong jowo minuman herbal;prima kebraon 5 24 kebraon karangpilang 60222;;MMGR+QJ Kebraon, Surabaya City, East Java;;;https://www.google.com/maps/place/WONG+JOWO+Minuman+Herbal/@-7.3155873,112.6767656,13z/data=!4m10!1m2!2m1!1sWONG+JOWO+kebraon!3m6!1s0x2dd7fd84fdd2e2d5:0x600e59bb4149760!8m2!3d-7.3230688!4d112.6915948!15sChFXT05HIEpPV08ga2VicmFvbpIBCWhlcmJfc2hvcOABAA!16s%2Fg%2F11sbwwjtkh?hl=en;0.666666667;1
125;ananda lapis dan bolu gulung surabaya;jetis kulon 6 27 wonokromo wonokromo;SH2022-1-033440;4 July, 2022, 00:00;ID35110000775030722;6 December, 2022, 00:00;6 December, 2026, 00:00;3217;bolu gulung surabaya;jetis kulon 6 27 wonokromo wonokromo 60243;https://bolu-gulung-surabaya.business.site/;MPRJ+9M Wonokromo, Surabaya City, East Java;5;6;https://www.google.com/maps/place/Bolu+Gulung+Surabaya/@-7.2626935,112.6330356,14z/data=!4m10!1m2!2m1!1sBolu+Gulung+Surabaya!3m6!1s0x2dd7fb766baf28b1:0x985e276427738bba!8m2!3d-7.3091042!4d112.7316577!15sChRCb2x1IEd1bHVuZyBTdXJhYmF5YVoWIhRib2x1IGd1bHVuZyBzdXJhYmF5YZIBCWNha2Vfc2hvcOABAA!16s%2Fg%2F11ggqzc2_j?hl=en;0.666666667;1
318;cookies kingdom;raya wiguna tengah 40;SH2022-1-020163;23 June, 2022, 00:00;ID35110000274680622;26 July, 2022, 00:00;26 July, 2026, 00:00;3205;cookies kingdom;ry wiguna tengah 40 gn anyar tambak gn anyar 60294;;MR72+J2 Gunung Anyar Tambak, Surabaya City, East Java;4.7;14;https://www.google.com/maps/place/Cookies+Kingdom/@-7.3359377,112.795529,17z/data=!3m1!4b1!4m6!3m5!1s0x2dd7fb4f83b2edd1:0xd4c6d183147aa7!8m2!3d-7.335943!4d112.8000137!16s%2Fg%2F11h6shrdx6?hl=en;0.666666667;1
1353;yoshinoya plaza surabaya;plaza pemuda 33 37 embong kaliasin genteng 60271;;;;;16 June, 2022, 00:00;1428;yoshinoya;plaza pemuda 33 37 embong kaliasin genteng 60271;https://www.facebook.com/yoshinoyaindonesia/;PPPX+2C Embong Kaliasin, Surabaya City, East Java;4.4;12974;https://www.google.com/maps/place/Yoshinoya/@-7.2919018,112.6996859,13z/data=!4m11!1m3!2m2!1srestoran+di+surabaya+tengah!6e5!3m6!1s0x2dd7f96301f7cfa1:0x231543a7f81395b5!8m2!3d-7.2648758!4d112.7486114!15sChtyZXN0b3JhbiBkaSBzdXJhYmF5YSB0ZW5nYWhaHSIbcmVzdG9yYW4gZGkgc3VyYWJheWEgdGVuZ2FokgETamFwYW5lc2VfcmVzdGF1cmFudJoBJENoZERTVWhOTUc5blMwVkpRMEZuU1VOdmNIUmZjVEJCUlJBQuABAA!16s%2Fg%2F11b6q55jz9?hl=en;0.666666667;1
1365;wingstop intiland surabaya;lidah wetan lakarsantri bukit darmo boulevard 22 babatan wiyung 60225;;;;;7 January, 2022, 00:00;1575;wingstop;lidah wetan lakarsantri bukit darmo boulevard 22 babatan wiyung 60225;https://wingstop.co.id/;PM3G+RC Babatan, Surabaya City, East Java;4.4;726;https://www.google.com/maps/place/Wingstop/@-7.29547,112.6410058,14z/data=!4m11!1m3!2m2!1srestoran+di+surabaya+selatan!6e5!3m6!1s0x2dd7fc492eacc891:0x2d2a0f438081c099!8m2!3d-7.2954208!4d112.6760272!15sChxyZXN0b3JhbiBkaSBzdXJhYmF5YSBzZWxhdGFuWh4iHHJlc3RvcmFuIGRpIHN1cmFiYXlhIHNlbGF0YW6SARhjaGlja2VuX3dpbmdzX3Jlc3RhdXJhbnSaASRDaGREU1VoTk1HOW5TMFZKUTBGblNVTkRNVTltWmpGUlJSQULgAQA!16s%2Fg%2F11c531711h?hl=en;0.666666667;1
425;d toekoe;semampir selatan 1 b 19 a medokan semampir sukolilo 60119;35-1-0621-1118;21 June, 2021, 00:00;ID35110000172500621;20 September, 2021, 00:00;20 September, 2025, 00:00;3221;d toekoe;semampir sel ib 19a medokan semampir sukolilo 60119;;MQRH+C2 Medokan Semampir, Surabaya City, East Java;5;8;https://www.google.com/maps/place/D'toekoe/@-7.3089909,112.7775181,17z/data=!4m6!3m5!1s0x2dd7fb04e59759a7:0x369e89fed4e2dbef!8m2!3d-7.3089909!4d112.7775181!16s%2Fg%2F11jdm9dzzx?hl=en;0.666666667;1
1349;solaria plaza surabaya;plaza solaria delta pemuda embong kaliasin genteng 60271;;;;;10 November, 2022, 00:00;2904;solaria;plaza solaria delta pemuda embong kaliasin genteng 60271;;PPMX+W9 Embong Kaliasin, Surabaya City, East Java;4.2;363;https://www.google.com/maps/place/Solaria/@-7.2786144,112.673376,13z/data=!4m11!1m3!2m2!1stempat+makan+di+surabaya+timur!6e5!3m6!1s0x2dd7f9625e7d629b:0x8e30a74209560536!8m2!3d-7.2652195!4d112.7484376!15sCh50ZW1wYXQgbWFrYW4gZGkgc3VyYWJheWEgdGltdXJaICIedGVtcGF0IG1ha2FuIGRpIHN1cmFiYXlhIHRpbXVykgEKcmVzdGF1cmFudJoBJENoZERTVWhOTUc5blMwVkpRMEZuU1VRdGEyVjZWamRCUlJBQuABAA!16s%2Fg%2F11c0rn_m7m?hl=en;0.666666667;1
1183;slash coffee company;keputih gg 3 b 82 sukolilo keputih sukolilo;SH2022-1-046307;10 September, 2022, 00:00;ID35110001137250922;29 December, 2022, 00:00;29 December, 2026, 00:00;3250;slash coffee company;keputih makam a 3 keputih sukolilo 60111;;PQ5W+MX Keputih, Surabaya City, East Java;;;https://www.google.com/maps/place/SLASH+COFFEE+COMPANY/@-7.2908062,112.7886575,15z/data=!4m6!3m5!1s0x2dd7fb6ce0da0b2d:0x2be9542364f27e69!8m2!3d-7.2908276!4d112.7973908!16s%2Fg%2F11rg0hcjqz?hl=en;0.666666667;1
1246;chatime ciputra world;pasar wonokitri lantai lg 45 ciputra world mayjen sungkono gn sari dukuhpakis 60224;;;;;10 March, 2022, 00:00;3018;chatime;pasar wonokitri lantai lg 45 ciputra world mayjen sungkono gn sari dukuhpakis 60224;;PP49+VJ Gunung Sari, Surabaya City, East Java;4.2;87;https://www.google.com/maps/place/Chatime/@-7.2882631,112.7059658,13z/data=!4m10!1m2!2m1!1schatime+surabaya!3m6!1s0x2dd7fbfdf5567871:0xe69177d971a83111!8m2!3d-7.292754!4d112.719097!15sChBjaGF0aW1lIHN1cmFiYXlhIgOIAQFaEiIQY2hhdGltZSBzdXJhYmF5YZIBEGJ1YmJsZV90ZWFfc3RvcmXgAQA!16s%2Fg%2F1pzstq91x?hl=en;0.666666667;1
1124;serabi nyototenan;wisma tengger 5 17 kandangan benowo 60199;SH2021-1-006362;23 September, 2021, 00:00;ID35110000193320921;14 December, 2021, 00:00;14 December, 2025, 00:00;3229;serabi solo nyototenan  ny yulianti;wisma tengger 5 17 kandangan benowo 60199;;PMR5+V2 Kandangan, Surabaya City, East Java;4.4;20;https://www.google.com/maps/place/Serabi+Solo+Nyototenan+%E2%80%9CNy.+Yulianti%E2%80%9D/@-7.2577612,112.6575691,17z/data=!4m6!3m5!1s0x2dd7fe65b93e4edf:0x11b04eadd7ba6d91!8m2!3d-7.2577612!4d112.6575691!16s%2Fg%2F11bc7tztnc?hl=en;0.666666667;1
1344;ayam nelongso wiyung;raya wiyung ruko babatan pratama a2 babatan wiyung 60227;;;;;6 January, 2023, 00:00;3186;nelongso fried chicken wiyung branch;raya wiyung ruko babatan pratama a2 babatan wiyung 60227;;MMQP+7Q Babatan, Surabaya City, East Java;4;1,255;https://www.google.com/maps/place/Nelongso+Fried+Chicken,+Wiyung+Branch/@-7.2818333,112.645429,13z/data=!4m10!1m2!2m1!1sayam+nelongso+surabaya!3m6!1s0x2dd7fdcee01fbb3f:0xc9a728bb86f4813a!8m2!3d-7.3117739!4d112.6869018!15sChZheWFtIG5lbG9uZ3NvIHN1cmFiYXlhIgOIAQFaGCIWYXlhbSBuZWxvbmdzbyBzdXJhYmF5YZIBCnJlc3RhdXJhbnSaASNDaFpEU1VoTk1HOW5TMFZKUTBGblNVUkhOR0ZUVmtSbkVBReABAA!16s%2Fg%2F11h6dkx13h?hl=en;0.666666667;1
632;jooy catering bangkit numa;gayungan ib 24 gayungan gayungan 60235;SH2021-1-015884;26 November, 2021, 00:00;ID35110000398041121;8 March, 2022, 00:00;8 March, 2026, 00:00;3237;jooy catering oleh bangkit numa;gayungan 1b 24 menanggal gayungan 60235;;MP6G+HC Menanggal, Surabaya City, East Java;5;14;https://www.google.com/maps/place/JOOY+CATERING+oleh+Bangkit+numa/@-7.3385827,112.7239023,17z/data=!3m1!4b1!4m6!3m5!1s0x2dd7fb36c0f6f16b:0x1ec0e510ce5662ca!8m2!3d-7.338588!4d112.726091!16s%2Fg%2F11fjs946wc?hl=en;0.65;1
66;ayam bakar pak d;kebonsari 25 kebonsari jambangan 60232;35-2-0821-1030;19 August, 2021, 00:00;ID35210000101960821;7 September, 2021, 11:09;7 September, 2025, 11:09;3270;ayam bakar pak d jambangan;raya kebonsari 25f kebonsari jambangan 60232;http://ayambakarpakde.com/;MPF6+38 Kebonsari, Surabaya City, East Java;4.1;724;https://www.google.com/maps/place/Ayam+Bakar+Pak+D+Jambangan/@-7.3273198,112.7063161,17z/data=!3m1!4b1!4m6!3m5!1s0x2dd7fd3a304ddd5d:0x4c191ee06ef0bb9f!8m2!3d-7.3273251!4d112.7108008!16s%2Fg%2F11ddzsf3f7?hl=en;0.65;1
1350;solaria royal plaza surabaya;royal plaza solaria ahmad yani ketintang gayungan 60231;;;;;10 November, 2022, 00:00;2868;solaria;royal plaza solaria ahmad yani ketintang gayungan 60231;;MPRM+QX Ketintang, Surabaya City, East Java;4.4;1632;https://www.google.com/maps/place/Solaria/@-7.2683968,112.5258734,12z/data=!4m11!1m3!2m2!1stempat+makan+di+surabaya+utara!6e5!3m6!1s0x2dd7fb75beafbd11:0x72a4936071002ccf!8m2!3d-7.3080545!4d112.7348834!15sCh50ZW1wYXQgbWFrYW4gZGkgc3VyYWJheWEgdXRhcmFaICIedGVtcGF0IG1ha2FuIGRpIHN1cmFiYXlhIHV0YXJhkgEKcmVzdGF1cmFudJoBI0NoWkRTVWhOTUc5blMwVkpRMEZuU1VSVGFXUkVVVkJCRUFF4AEA!16s%2Fg%2F1pztxpvbl?hl=en;0.625;1
1351;solaria grand city surabaya;grand city mall kusuma bangsa ketabang genteng 60272;;;;;10 November, 2022, 00:00;3175;solaria;grand city mall kusuma bangsa ketabang genteng 60272;;;4.4;217;https://www.google.com/maps/place/Solaria/@-7.2652195,112.6783998,13z/data=!3m1!5s0x2dd7f960abfb9c05:0x6a010471b8dd5963!4m10!1m2!2m1!1ssolaria+surabaya!3m6!1s0x2dd7f963569ad617:0xb5b98ebb00143337!8m2!3d-7.2613665!4d112.7502823!15sChBzb2xhcmlhIHN1cmFiYXlhIgOIAQFaEiIQc29sYXJpYSBzdXJhYmF5YZIBCnJlc3RhdXJhbnTgAQA!16s%2Fg%2F11b6sx33km?hl=en;0.625;1
1250;starbucks coffee kenjeran surabaya;kalijudan mulyorejo 60114;;;;;2 March, 2023, 00:00;2969;starbucks kenjeran;kalijudan mulyorejo city 60114;http://www.starbucks.com/;PQXR+75 Kalijudan, Surabaya City, East Java;4.6;635;https://www.google.com/maps/place/Starbucks+Kenjeran/@-7.2617157,112.6131754,12z/data=!4m10!1m2!2m1!1sstarbucks+surabaya!3m6!1s0x2dd7f9308d849629:0xb66a4bf5bbbac893!8m2!3d-7.251869!4d112.7904289!15sChJzdGFyYnVja3Mgc3VyYWJheWEiA4gBAVoUIhJzdGFyYnVja3Mgc3VyYWJheWGSAQtjb2ZmZWVfc2hvcOABAA!16s%2Fg%2F11j9cfzq4k?hl=en;0.625;1
434;elmara;gayungan 1b 7 gayungan gayungan 60235;SH2021-1-016036;27 November, 2021, 00:00;ID35110000430341121;22 February, 2022, 00:00;22 February, 2026, 00:00;3245;elmara catering ibu lusi;gayungan 1b 7 gayungan gayungan 60235;;MP6G+MF Gayungan, Surabaya City, East Java;4.7;9;https://www.google.com/maps/place/ElmarA+Catering+Ibu+Lusi/@-7.3383336,112.7174237,15z/data=!4m6!3m5!1s0x2dd7fbb9ac9c0011:0xb442da9b9de3416f!8m2!3d-7.338355!4d112.726157!16s%2Fg%2F11f62ttl2l?hl=en;0.625;1
1384;mixue ice cream tea mulyosari;raya mulyosari 110 kalisari mulyorejo nan;;;ID00410001326911122;;;3322;mixue mulyosari;raya mulyosari 110 kalisari mulyorejo;;PQPW+H5 Kalisari, Surabaya City, East Java;4.5;255;https://www.google.com/maps/place/Mixue+-+Mulyosari/@-7.2732674,112.6753936,13z/data=!4m11!1m3!2m2!1smixue+di+surabaya!6e5!3m6!1s0x2dd7f9fece4fbe7f:0xbdd499faa5fa5994!8m2!3d-7.2635713!4d112.7954703!15sChFtaXh1ZSBkaSBzdXJhYmF5YVoTIhFtaXh1ZSBkaSBzdXJhYmF5YZIBDmljZV9jcmVhbV9zaG9w4AEA!16s%2Fg%2F11rtvtl6d9?hl=en;0.616666667;1
1382;mixue ice cream tea gwalk;ruko taman gapura komp d 16 lakarsantri niaga gapura lontar sambikerep 60271;;;ID00410001326911122;;;3324;mixue gwalk;ruko taman gapura komp d 16 lakarsantri niaga gapura lontar sambikerep 60217;https://linktr.ee/mixuegwalk;;4.6;426;https://www.google.com/maps/place/Mixue+-+Gwalk/@-7.255956,112.6491142,13z/data=!4m11!1m3!2m2!1smixue+di+surabaya!6e5!3m6!1s0x2dd7fdcf32376dcf:0xf1aa42447f0c7c32!8m2!3d-7.2866504!4d112.6556922!15sChFtaXh1ZSBkaSBzdXJhYmF5YVoTIhFtaXh1ZSBkaSBzdXJhYmF5YZIBDmljZV9jcmVhbV9zaG9w4AEA!16s%2Fg%2F11sgy3j18p?hl=en;0.616666667;1
190;barokah puding suroboyoo;pondok maritim indah blk am 04 rt rw balas klumprik wiyung;SH2022-1-094121;5 November, 2022, 00:00;ID35110001013201122;20 December, 2022, 00:00;;3208;barokah puding suroboyoo;kr klumprik slt 8 4 balas klumprik wiyung 60222;;MMCP+VC Balas Klumprik, Surabaya City, East Java;5;3;https://www.google.com/maps/place/Barokah+Puding+Suroboyoo/@-7.3278627,112.683912,17z/data=!3m1!4b1!4m6!3m5!1s0x2dd7e5f5b0f0d325:0xbf9876a3e661dd69!8m2!3d-7.327868!4d112.6861007!16s%2Fg%2F11rg3lrmkq?hl=en;0.59375;1
316;cookies box;h r muhammad 73b 60226;35-2-0221-1027;4 February, 2021, 00:00;ID35210000207900221;18 January, 2022, 00:00;18 January, 2026, 00:00;3223;cookies box;mayjen hr muhammad 73b putat gede sukomanunggal 60189;http://cookiesbox.com/;PM8Q+HF Putat Gede, Surabaya City, East Java;4.6;69;https://www.google.com/maps/place/Cookies+Box/@-7.2835232,112.6886803,17z/data=!3m1!4b1!4m6!3m5!1s0x2dd7fc3db5e3e4e7:0x6e6de5d5c4ce276d!8m2!3d-7.2835232!4d112.6886803!16s%2Fg%2F1hc87kctq?hl=en;0.590909091;1
378;catering aqiqah mandiri;masjid al akbar utara 3 pagesangan jambangan 60233;35-2-1220-1052;28 December, 2020, 00:00;ID35220000080701220;16 March, 2021, 00:00;16 March, 2025, 00:00;3248;aqiqah surabaya aqiqoh mandiri;masjid al akbar utara 3 pagesangan jambangan 60232;http://www.aqiqohmandiri.com/;MP78+X8 Pagesangan, Surabaya City, East Java;4.7;69;https://www.google.com/maps/place/Aqiqah+Surabaya+%7C+Aqiqoh+Mandiri/@-7.3356173,112.7021876,15z/data=!4m10!1m2!2m1!1sCatering+Aqiqah+Mandiri!3m6!1s0x2dd7fc9ce4a4bce7:0xae6640ece0faf16c!8m2!3d-7.3350602!4d112.715802!15sChdDYXRlcmluZyBBcWlxYWggTWFuZGlyaSIDiAEBWhkiF2NhdGVyaW5nIGFxaXFhaCBtYW5kaXJpkgEQY2F0ZXJpbmdfc2VydmljZeABAA!16s%2Fg%2F1jkyvjsxj?hl=en;0.588888889;1
1370;roti o stasiun gubeng sby;gubeng masjid 35 pacar keling tambaksari 60131;;;;;6 October, 2022, 00:00;2954;bread o;gubeng masjid 35 pacar keling tambaksari 60131;http://www.aqiqohmandiri.com/;MP78+X8 Pagesangan, Surabaya City, East Java;4.7;69;https://www.google.com/maps/place/Aqiqah+Surabaya+%7C+Aqiqoh+Mandiri/@-7.3356173,112.7021876,15z/data=!4m10!1m2!2m1!1sCatering+Aqiqah+Mandiri!3m6!1s0x2dd7fc9ce4a4bce7:0xae6640ece0faf16c!8m2!3d-7.3350602!4d112.715802!15sChdDYXRlcmluZyBBcWlxYWggTWFuZGlyaSIDiAEBWhkiF2NhdGVyaW5nIGFxaXFhaCBtYW5kaXJpkgEQY2F0ZXJpbmdfc2VydmljZeABAA!16s%2Fg%2F1jkyvjsxj?hl=en;0.583333333;1
229;bon bon;penjaringansari ps 1 a 22 penjaringansari rungkut 60297;SH2022-1-015979;17 June, 2022, 00:00;ID35110000329290622;9 August, 2022, 00:00;9 August, 2026, 00:00;3207;bon bon;penjaringan asri 14 10 penjaringan sari rungkut 60297;;MQFP+Q9 Penjaringan Sari, Surabaya City, East Java;4.5;4;https://www.google.com/maps/place/Bon+Bon/@-7.3255182,112.7815112,17z/data=!3m1!4b1!4m6!3m5!1s0x2dd7fb2ff584ad6d:0x21c95e64384c263d!8m2!3d-7.3255235!4d112.7859959!16s%2Fg%2F11k6l1t1v_?hl=en;0.583333333;1
1376;gokana ramen teppan tunjungan plasa 6;embong malang genteng genteng 60261;;;;;;2925;gokana ramen teppan;pppq w8h embong malang genteng genteng 60261;https://www.champ-group.com/gokana-ramen-teppan/;;4;13;https://www.google.com/maps/place/Gokana+Ramen+%26+Teppan/@-7.2890302,112.5883865,12z/data=!4m10!1m2!2m1!1sgokana+surabaya!3m6!1s0x2dd7f9675f5ab6c7:0x343a520a9f8863a3!8m2!3d-7.2626968!4d112.7383558!15sCg9nb2thbmEgc3VyYWJheWFaESIPZ29rYW5hIHN1cmFiYXlhkgEQcmFtZW5fcmVzdGF1cmFudOABAA!16s%2Fg%2F11gbl4b3yk?hl=en;0.583333333;1
1352;yoshinoya lenmarc mall surabaya;lenmarc mall gf mayjend jonosewojo 9 pradahkalikendal dukuhpakis 60226;;;;;7/21/2022 0:00;1657;yoshinoya;lenmarc mall gf mayjend jonosewojo 9 pradahkalikendal dukuhpakis city 60226;http://www.yoshinoyaamerica.com/;PM7J+RF Pradahkalikendal, Surabaya City, East Java;4.1;656;https://www.google.com/maps/place/Yoshinoya/@-7.293172,112.686164,14z/data=!4m11!1m3!2m2!1srestoran+di+surabaya+barat!6e5!3m6!1s0x2dd7fc1532b3cf8b:0x4ee01b7741015125!8m2!3d-7.2854135!4d112.6811288!15sChpyZXN0b3JhbiBkaSBzdXJhYmF5YSBiYXJhdFocIhpyZXN0b3JhbiBkaSBzdXJhYmF5YSBiYXJhdJIBFGZhc3RfZm9vZF9yZXN0YXVyYW50mgEkQ2hkRFNVaE5NRzluUzBWSlEwRm5TVVJUTjNFMlNqZFJSUkFC4AEA!16s%2Fg%2F11cjnnp9t3?hl=en;0.575;1
80;180 cake dessert;semampir barat 5 17b medokan semampir sukolilo 60119;SH2021-1-014542;11 November, 2021, 00:00;ID35110000397721121;8 February, 2022, 00:00;8 February, 2026, 00:00;3268;180 c cake dessert;raya semampir barat 17b medokan semampir sukolilo 60119;https://180cake-dessert.business.site/?utm_source=gmb&utm_medium=referral;MQRG+PV Medokan Semampir, Surabaya City, East Java;5;32;https://www.google.com/maps/place/180%C2%B0C+Cake+%26+Dessert/@-7.2882923,112.7297022,13z/data=!4m10!1m2!2m1!1s180%C2%B0+Cake+%26+Dessert!3m6!1s0x2dd7fbf3f012af59:0x4767018d2a92eb49!8m2!3d-7.308152!4d112.7771479!15sChQxODDCsCBDYWtlICYgRGVzc2VydFoUIhIxODAgY2FrZSAmIGRlc3NlcnSSAQljYWtlX3Nob3DgAQA!16s%2Fg%2F11fm5wdyp4?hl=en;0.575;1
1195;stmj herbal pak tedjo;yos sudarso 9 a samping klinik pusura embong kaliasin genteng;SH2022-1-036220;30 July, 2022, 00:00;ID35110000581910722;10 November, 2022, 00:00;10 November, 2026, 00:00;3254;stmj herbal pak tejo;yos sudarso 9 embong kaliasin genteng 60271;https://stmj-herbal-pak-tejo.business.site/?utm_source=gmb&utm_medium=referral;PPPW+XM Embong Kaliasin, Surabaya City, East Java;4.8;95;https://www.google.com/maps/place/STMJ+Herbal+Pak+Tejo/@-7.2624889,112.737913,15z/data=!4m6!3m5!1s0x2dd7f963ed1dbda5:0xed97a2acabc562b4!8m2!3d-7.2625103!4d112.7466463!16s%2Fg%2F11c0w17jjf?hl=en;0.572727273;1
1377;majestyk kapas krampung;kapas krampung 93 rw 04 rangkah tambaksari 60135;;;;;02/11/2022 00:00;2919;majestyk bakery cake shop surabaya;kapas krampung 93 rw 04 rangkah tambaksari 60135;;QQ27+2M Rangkah, Surabaya City, East Java;4.3;803;https://www.google.com/maps/place/Majestyk+Bakery+%26+Cake+Shop+Surabaya/@-7.2886789,112.5883863,12z/data=!4m10!1m2!2m1!1smajestyk+surabaya!3m6!1s0x2dd7f99fc0000001:0xdf57da98dad4858e!8m2!3d-7.2499399!4d112.7642364!15sChFtYWplc3R5ayBzdXJhYmF5YSIDiAEBWhMiEW1hamVzdHlrIHN1cmFiYXlhkgEGYmFrZXJ54AEA!16s%2Fg%2F1pp2tld2x?hl=en;0.571428571;1
299;chik yen;kedung cowek 62 gading tambaksari 60134;;;;;;3206;bakpao chik yen kedung cowek;kedung cowek 64 gading tambaksari 60134;;QQ59+GW Gading, Surabaya City, East Java;4.2;13;https://www.google.com/maps/place/Bakpao+Chik+Yen+Kedung+Cowek/@-7.2412137,112.7653594,17z/data=!3m1!4b1!4m6!3m5!1s0x2dd7f932dde2418d:0x2f281fcf67fa26c!8m2!3d-7.241219!4d112.7698441!16s%2Fg%2F11ftmpdplj?hl=en;0.557142857;1
1406;mixue ice cream tea kenjeran;raya kenjeran 424 gading tambaksari nan;;;ID00410001326911122;;;3299;mixue kenjeran;raya kenjeran 424 gading tambaksari city;;QQ2H+P9 Gading, Surabaya City, East Java;4.3;33;https://www.google.com/maps/place/Mixue+Kenjeran/@-7.2788329,112.6957981,13z/data=!4m11!1m3!2m2!1smixue+di+surabaya!6e5!3m6!1s0x2dd7f910bff524a1:0xcc90fb96ffd808f7!8m2!3d-7.2481859!4d112.7783901!15sChFtaXh1ZSBkaSBzdXJhYmF5YVoTIhFtaXh1ZSBkaSBzdXJhYmF5YZIBDmljZV9jcmVhbV9zaG9w4AEA!16s%2Fg%2F11tdksqz5z?hl=en;0.557142857;1
789;lidya s cake;kertajaya 222 kertajaya gubeng;SH2022-1-076271;18 October, 2022, 00:00;ID35110000975361022;19 December, 2022, 00:00;19 December, 2026, 00:00;3198;lidya s cake spesialis chiffon;kertajaya 222 kertajaya gubeng 60282;;PQC6+74 Kertajaya, Surabaya City, East Java;4.9;11;https://www.google.com/maps/place/Lidya%E2%80%99s+Cake+Spesialis+Chiffon/@-7.2793002,112.7558728,17z/data=!3m1!4b1!4m6!3m5!1s0x2dd7fa162dbac0fd:0x2c23bd5f5e935299!8m2!3d-7.2793055!4d112.7603575!16s%2Fg%2F1pzqwz8v4?hl=en;0.541666667;1
699;mie qheypoo;candi lontar kulon 44 c 01 lontar sambikerep;SH2021-1-015896;26 November, 2021, 00:00;ID35110000245701121;22 February, 2022, 00:00;22 February, 2026, 00:00;3235;mie qheypoo;manukan peni dalam manukan kulon tandes 60185;https://mie-qheypoo.business.site/;PMM8+FW Manukan Kulon, Surabaya City, East Java;4.4;195;https://www.google.com/maps/place/Mie+Qheypoo/@-7.2663222,112.6585906,15z/data=!4m6!3m5!1s0x2dd7fe7e03161337:0x9d2e555fd884d647!8m2!3d-7.2663436!4d112.6673239!16s%2Fg%2F11df0qbfxl?hl=en;0.541666667;1
595;jae yen;kutai 68 darmo wonokromo 60241;SH2021-1-015100;18 November, 2021, 00:00;ID35110000431101121;8 February, 2022, 00:00;8 February, 2026, 00:00;3238;jae yen noodle pastry;kutai 68 rt 010 rw 06 darmo wonokromo 60241;https://jae-yen-noodle-pastry.business.site/?utm_source=gmb&utm_medium=referral;PP4M+Q3 Darmo, Surabaya City, East Java;5;3;https://www.google.com/maps/place/Jae+Yen+Noodle+%26+Pastry/@-7.293062,112.73264,17z/data=!3m1!4b1!4m6!3m5!1s0x2dd7fbca08837369:0x61b9117d126f383!8m2!3d-7.293062!4d112.73264!16s%2Fg%2F11h582hnfq?hl=en;0.527777778;1
1234;violetta;kapasari 5 26 kapasari genteng;SH2022-1-013227;10 June, 2022, 00:00;ID35110000348830622;3 August, 2022, 00:00;3 August, 2026, 00:00;3256;violetta drinks and cathering;kapasari 5 26 kapasari genteng 64395;;QQ32+6X Kapasari, Surabaya City, East Java;;;https://www.google.com/maps/place/VIOLETTA+DRINKS+AND+CATHERING/@-7.2460958,112.7462739,16z/data=!4m10!1m2!2m1!1sVIOLETTA+kapasari!3m6!1s0x2dd7f927373a933d:0xf731ba284900e0bb!8m2!3d-7.246997!4d112.752426!15sChFWSU9MRVRUQSBrYXBhc2FyaZIBEWZvb2RfbWFudWZhY3R1cmVy4AEA!16s%2Fg%2F11s58gf2gj?hl=en;0.525;1
1364;wingstop surabaya town square;town square hayam wuruk 6 sawunggaling wonokromo 60242;;;;;7 January, 2022, 00:00;2916;wing stop;town square hayam wuruk 6 sawunggaling wonokromo 60242;;PP3J+R6 Sawunggaling, Surabaya City, East Java;4.5;273;https://www.google.com/maps/place/Wing+Stop/@-7.2953307,112.7130376,14z/data=!4m10!1m2!2m1!1swingstop+di+surabaya!3m6!1s0x2dd7fb910e8a86d9:0xa7b15d3982e063ca!8m2!3d-7.2953843!4d112.7305472!15sChR3aW5nc3RvcCBkaSBzdXJhYmF5YSIDiAEBWhYiFHdpbmdzdG9wIGRpIHN1cmFiYXlhkgEYY2hpY2tlbl93aW5nc19yZXN0YXVyYW504AEA!16s%2Fg%2F11g6hvc_r5?hl=en;0.5;1
546;hienak;medokan asri tengah 109 60295;35-3-0321-1097A;12 March, 2021, 00:00;ID35310000092710321;4 May, 2021, 00:00;4 May, 2025, 00:00;3241;tempe hienak;medokan asri tengah 169 medokan ayu rungkut 60295;;MQGW+67 Medokan Ayu, Surabaya City, East Java;4.8;9;https://www.google.com/maps/place/Tempe+Hienak/@-7.3244782,112.7869466,15z/data=!3m1!4b1!4m6!3m5!1s0x2dd7fabd7fe8b4f7:0x2aa0ecbe95053cac!8m2!3d-7.3244996!4d112.7956799!16s%2Fg%2F11h6g4pv95?hl=en;0.5;1
922;koffiku;greenwood perumahan citraland e 9 6 rt 001 rw 007 made sambikerep 60219;SH2022-1-039210;26 August, 2022, 00:00;ID35110000464980822;6 October, 2022, 00:00;6 October, 2026, 00:00;3225;koffiku surabaya;greenwood e 9 6 taman hijau made 2 citraland made sambikerep city 60219;https://linktr.ee/koffiku;PJCR+QJ Made, Surabaya City, East Java;5;4;https://www.google.com/maps/place/KOFFIKU+SURABAYA/@-7.2781096,112.6415338,17z/data=!3m1!4b1!4m6!3m5!1s0x2dd7fd9a05bc3a9d:0x19f8302e833bb37!8m2!3d-7.2781096!4d112.6415338!16s%2Fg%2F11hd07ljpp?hl=en;0.485294118;1
1186;spika spiku dan jl cookies;kapasan 151 kapasan simokerto 60141;35-1-0221-1020;4 February, 2021, 00:00;ID35110000110080221;4 May, 2021, 00:00;4 May, 2025, 00:00;3251;spika butter spiku;kapasan simokerto city 60141;https://www.instagram.com/spikaspiku/;QP6W+7X Kapasan, Surabaya City, East Java;4.5;42;https://www.google.com/maps/place/Spika+Butter+Spiku/@-7.2392873,112.738645,15z/data=!4m6!3m5!1s0x2dd7f911ba4bfea1:0x74c0ee7064e39850!8m2!3d-7.2393087!4d112.7473783!16s%2Fg%2F1hd_47krb?hl=en;0.466666667;1
653;katering kksp rsud dr soetomo;mayjend prof dr moestopo 6 8 airlangga gubeng 60286;SH2021-1-007311;30 September, 2021, 00:00;ID00320000284020921;30 May, 2022, 00:00;30 May, 2026, 00:00;3236;katering kksp;pqj5 pf7 mayjen prof dr moestopo airlangga gubeng 60286;;;;;https://www.google.com/maps/place/Katering+KKSP/@-7.2682056,112.7586586,17z/data=!3m1!4b1!4m6!3m5!1s0x2dd7fb1f694c3829:0x365dcfdaa04c8dda!8m2!3d-7.2682056!4d112.7586586!16s%2Fg%2F11t0pr540v?hl=en;0.45;1
773;ladang lima;rungkut industri 3 30 a kutisari tenggilis mejoyo 60291;SH2022-1-058917;24 September, 2022, 00:00;ID35210001317600922;19 December, 2022, 00:00;19 December, 2026, 00:00;3230;pt ladang sehat indonesia;rungkut industri 3 30a kutisari tenggilis mejoyo 60291;http://www.ladanglima.com/;MQ73+P5 Kutisari, Surabaya City, East Java;5;2;https://www.google.com/maps/place/PT+Ladang+Sehat+Indonesia/@-7.2784431,112.7293364,13z/data=!4m10!1m2!2m1!1sLadang+Lima!3m6!1s0x2dd7fb764611bafd:0x4e5ea39e034d9102!8m2!3d-7.335636!4d112.75291!15sCgtMYWRhbmcgTGltYZIBEWZvb2RfbWFudWZhY3R1cmVy4AEA!16s%2Fg%2F11snn_pjkx?hl=en;0.45;1
1194;starcore;raya satelit utara bt 29 tanjungsari sukomanunggal 60187;SH2022-1-040422;29 August, 2022, 00:00;ID00110000518220822;7 October, 2022, 00:00;7 October, 2026, 00:00;3253;pt caltera biobiru nusantara;raya satelit utara bt 29 tanjungsari sukomanunggal city 60187;http://www.calterabio.com/;PMPV+5F Tanjungsari, Surabaya City, East Java;5;3;https://www.google.com/maps/place/PT.+Caltera+Biobiru+Nusantara/@-7.2645673,112.6848954,15z/data=!4m6!3m5!1s0x2dd7ffc0eb0cb929:0x269c2f769f8a6fdc!8m2!3d-7.2645887!4d112.6936287!16s%2Fg%2F11r_xm18xc?hl=en;0.444444444;1
71;dimsum mbledos;kalijudan mulia 25 rt 005 rw 006 kalijudan mulyorejo 60114;SH2021-1-003310;2 August, 2021, 00:00;ID00110000180270821;3 November, 2021, 00:00;3 November, 2025, 00:00;3269;dimsum mbledos merr;dr ir h soekarno 53 kalijudan mulyorejo 60114;https://dimsummbledos.id/;PQRM+53 Kalijudan, Surabaya City, East Java;4.4;5,460;https://www.google.com/maps/place/Dimsum+Mbledos+Merr/@-7.2595399,112.7805019,17z/data=!3m1!4b1!4m6!3m5!1s0x2dd7f98c76b11215:0x28b75e5050f13585!8m2!3d-7.2595452!4d112.7826906!16s%2Fg%2F11b6v6j4gj?hl=en;0.44047619;1
435;elmara;gayungan ib 7 gayungan gayungan 60235;SH2021-1-016036;27 November, 2021, 00:00;ID35110000430341121;22 February, 2022, 00:00;22 February, 2026, 00:00;3245;elmara catering ibu lusi;gayungan 1b 7 gayungan gayungan 60235;;MP6G+MF Gayungan, Surabaya City, East Java;4.7;9;https://www.google.com/maps/place/ElmarA+Catering+Ibu+Lusi/@-7.3383336,112.7174237,15z/data=!4m6!3m5!1s0x2dd7fbb9ac9c0011:0xb442da9b9de3416f!8m2!3d-7.338355!4d112.726157!16s%2Fg%2F11f62ttl2l?hl=en;0.425;1
383;taste and taste catering;pakis argosari f 24 60224;SH2021-1-016103;29 November, 2021, 00:00;ID35320000431171121;21 June, 2022, 00:00;21 June, 2026, 00:00;3247;taste taste;pakis argosari 24 dukuh pakis dukuhpakis city 60224;;PP47+RJ Dukuh Pakis, Surabaya City, East Java;5;4;https://www.google.com/maps/place/Taste+%26+Taste/@-7.2929033,112.7140409,17z/data=!3m1!4b1!4m6!3m5!1s0x2dd7fd7f5d50877d:0xb34b6f75fc0d6f15!8m2!3d-7.2929033!4d112.7140409!16s%2Fg%2F11h4tnn583?hl=en;0.416666667;1
724;aw juice;sutorejo 120 dukuh sutorejo mulyorejo dukuh sutorejo mulyorejo;SH2022-1-076060;18 October, 2022, 00:00;ID35110000807831022;13 December, 2022, 00:00;13 December, 2026, 00:00;3234;aw juice sosis bakar sosis goreng;raya sutorejo 122 dukuh sutorejo mulyorejo 60119;;PQQQ+HV Dukuh Sutorejo, Surabaya City, East Java;;;https://www.google.com/maps/place/Aw+Juice+Sosis+Bakar+%26+Sosis+Goreng/@-7.4475088,112.6061148,11z/data=!4m10!1m2!2m1!1sAW+Juice!3m6!1s0x2dd7f9f458a5a307:0x1e929597514e776e!8m2!3d-7.2610195!4d112.7897467!15sCghBVyBKdWljZSIDiAEB4AEA!16s%2Fg%2F11rd9fgl60?hl=en;0.414285714;1
409;djoeragan;bukit palma rg 2 6 sememi benowo 60197;35-2-0920-1147;30 September, 2020, 00:00;ID35210000081920920;4 March, 2021, 00:00;4 March, 2025, 00:00;3246;djoeragan express;palma grandia sememi benowo 60198;;PJWJ+5J Sememi, Surabaya City, East Java;;;https://www.google.com/maps/place/Djoeragan+Express/@-7.2545058,112.622829,15z/data=!4m6!3m5!1s0x2dd7ffb3e3babb45:0x94fe63ea176044!8m2!3d-7.2545272!4d112.6315623!16s%2Fg%2F11kwhknr91?hl=en;0.4;1
726;azahra kuliner;semolowaru elok r 11 semolowaru sukolilo;SH2022-1-028209;30 June, 2022, 00:00;ID35110000706360622;2 December, 2022, 00:00;2 December, 2026, 00:00;3233;pecel pincuk azahra kuliner;semolowaru 55 semolowaru sukolilo 60119;;MQXF+WW Semolowaru, Surabaya City, East Java;;;https://www.google.com/maps/place/PECEL+PINCUK+(Azahra+Kuliner)/@-7.4467841,112.6061142,11z/data=!4m10!1m2!2m1!1sAzahra+Kuliner+semolo!3m6!1s0x2dd7fb6ffb9fe7c5:0x7c6b2378170aadac!8m2!3d-7.3001486!4d112.7748458!15sChVBemFocmEgS3VsaW5lciBzZW1vbG9aFyIVYXphaHJhIGt1bGluZXIgc2Vtb2xvkgERYnJ1bmNoX3Jlc3RhdXJhbnTgAQA!16s%2Fg%2F11qvby3p4h?hl=en;0.392857143;1
541;hamada;kalijudan merr 18 60114;339;20 December, 2019, 00:00;ID35110000000321219;12 March, 2020, 00:00;12 March, 2024, 00:00;3242;hamada bakery;dr ir h soekarno 36 kalijudan mulyorejo 60114;;PQRJ+9M Kalijudan, Surabaya City, East Java;1;1;https://www.google.com/maps/place/Hamada+Bakery/@-7.2590177,112.7794493,17z/data=!3m1!4b1!4m6!3m5!1s0x2dd7f92e164b9967:0xcb66ee9624b2ee70!8m2!3d-7.259023!4d112.781638!16s%2Fg%2F11f62rl2cy?hl=en;https://www.google.com/maps/place/Hamada+Bakery/@-7.2590177,112.7794493,17z/data=!3m1!4b1!4m6!3m5!1s0x2dd7f92e164b9967:0xcb66ee9624b2ee70!8m2!3d-7.259023!4d112.781638!16s%2Fg%2F11f62rl2cy?hl=en;1
